-1,-1,-1,-1,-1,-1,-1,-1,-1,-1,-1,-1,-1,-1,-1,-1,-1,-1,-1,-1,-1,-1,-1,-1,-1,-1,-1,-1,-1,-1,-1,-1,-1,-1,-1,-1,-1,-1,-1,-1,-1,-1,-1,-1,-1,-1,-1,-1,-1,-1,-1,-1,-1,-1,-1,-1,-1,-1,-1,-1,-1,-1,-1,-1,-1,-1,-1,-1,-1,-1,-1,-1,-1,-1,-1,-1,-1,-1,-1,-1,-1,-1,-1,-1,-1,-1,-1,-1,-1,-1,-1,-1,-1,-1,-1,-1,-1,-1,-1,-1,-1,-1,-1,-1,-1,-1,-1,-1,-1,-1,-1,-1,-1,-1,-1,-1,-1,-1,-1,-1,-1,-1,-1,-1,-1,-1,-1,-1,-1,-1,-1,-1,-1,-1,-1,-1,-1,-1,-1,-1,-1
-1,-1,-1,-1,-1,-1,-1,-1,-1,-1,-1,-1,-1,-1,-1,67284,68285,68286,-1,-1,-1,-1,-1,-1,-1,-1,-1,71300,72301,72302,-1,-1,-1,75310,76293,76292,76291,75290,-1,-1,-1,-1,-1,-1,-1,69286,70287,70288,70289,70290,-1,-1,-1,-1,-1,-1,-1,84346,84345,84344,84343,84342,84341,83340,-1,83342,84343,84344,84345,84346,-1,-1,-1,85350,86351,85352,-1,85354,86355,86356,86357,85358,86359,86360,86361,86362,86363,86364,86365,85366,-1,-1,-1,-1,-1,-1,-1,-1,-1,92396,92395,92394,92393,92392,92391,91390,92391,92392,-1,95398,96399,95444,-1,92438,92437,92436,92435,92434,92433,92432,92431,91430,-1,-1,-1,9007199254740991,9007199254740991,9007199254740991,9007199254740991,9007199254740991,9007199254740991,9007199254740991,9007199254740991,9007199254740991,9007199254740991,9007199254740991,9007199254740991,9007199254740991,9007199254740991,95444,-1
-1,-1,-1,-1,-1,-1,-1,-1,-1,-1,-1,-1,-1,-1,-1,67283,-1,69287,-1,-1,-1,-1,-1,-1,-1,-1,-1,71299,-1,73303,-1,-1,-1,75309,-1,-1,-1,75289,-1,-1,-1,-1,-1,-1,-1,69285,-1,-1,-1,71291,-1,-1,-1,-1,-1,-1,-1,85337,-1,-1,-1,-1,-1,83339,-1,83341,-1,-1,-1,85345,-1,-1,-1,85349,-1,85351,-1,85353,-1,-1,-1,85357,-1,-1,-1,-1,-1,-1,-1,85365,-1,-1,-1,-1,-1,-1,-1,-1,-1,93387,-1,-1,-1,-1,-1,91389,-1,93393,-1,95397,-1,95443,-1,93439,-1,-1,-1,-1,-1,-1,-1,91429,-1,-1,-1,9007199254740991,-1,-1,-1,-1,-1,9007199254740991,-1,-1,-1,9007199254740991,-1,9007199254740991,-1,95443,-1
-1,-1,-1,70290,70289,70288,70287,70286,70285,69284,-1,-1,-1,-1,-1,67282,-1,69288,70289,70290,70291,70292,70293,70294,70295,70296,70297,70298,-1,73304,74305,74306,74307,74308,-1,73286,74287,74288,-1,-1,-1,-1,-1,-1,-1,69284,-1,72294,72293,71292,-1,-1,-1,-1,-1,-1,-1,84336,84335,83334,84335,83336,-1,83338,84339,83340,84341,83342,84343,84344,84345,84346,84347,84348,84349,84350,84351,84352,84353,84354,84355,84356,84357,84358,84359,84360,84361,84362,84363,84364,-1,-1,-1,-1,-1,-1,-1,-1,-1,92386,92385,91384,-1,-1,-1,91388,-1,93394,94395,94396,-1,94442,94441,93440,-1,88422,88421,87420,88421,88422,-1,91428,-1,-1,-1,9007199254740991,9007199254740991,9007199254740991,9007199254740991,9007199254740991,9007199254740991,9007199254740991,-1,-1,-1,9007199254740991,9007199254740991,9007199254740991,-1,95442,-1
-1,-1,-1,71291,-1,-1,-1,-1,-1,69283,-1,-1,-1,-1,-1,67281,-1,-1,-1,-1,-1,-1,-1,-1,-1,-1,-1,-1,-1,-1,-1,-1,-1,-1,-1,73285,-1,-1,-1,-1,-1,-1,-1,-1,-1,69283,-1,73295,-1,-1,-1,-1,-1,-1,-1,-1,-1,-1,-1,83333,-1,83335,-1,83337,-1,83339,-1,83341,-1,-1,-1,-1,-1,-1,-1,85351,-1,-1,-1,85355,-1,85357,-1,85359,-1,85361,-1,-1,-1,-1,-1,-1,-1,-1,-1,-1,-1,-1,-1,-1,-1,91383,-1,-1,-1,91387,-1,-1,-1,-1,-1,-1,-1,-1,-1,89421,-1,87419,-1,89423,-1,91427,-1,-1,-1,-1,-1,-1,-1,-1,-1,-1,-1,-1,-1,-1,-1,-1,-1,95441,-1
-1,-1,-1,71292,-1,-1,-1,-1,-1,68282,68281,67280,-1,65278,66279,66280,-1,-1,-1,-1,-1,-1,-1,67268,68269,68270,68271,68272,-1,71278,72279,72280,72281,72282,72283,72284,-1,-1,-1,67276,68277,68278,68279,68280,68281,68282,-1,73296,74297,74298,-1,-1,-1,-1,-1,81328,82329,82330,82331,82332,82333,82334,82335,82336,82337,82338,82339,82340,82341,82342,-1,-1,-1,-1,-1,85352,86353,86354,-1,85356,-1,85358,-1,85360,86361,85362,86363,86364,86365,86366,86367,86368,86369,86370,-1,-1,-1,-1,-1,89380,90381,90382,90383,90384,90385,90386,90387,89428,90393,90394,90395,89424,90397,90398,90399,89420,-1,87418,-1,89424,90425,90426,90427,90428,90429,90430,90431,90432,-1,91426,92427,92428,92429,92430,92431,92432,-1,-1,-1,95440,-1
-1,-1,-1,71293,-1,-1,-1,-1,-1,-1,-1,67279,-1,65277,-1,-1,-1,-1,-1,-1,-1,-1,-1,67267,-1,-1,-1,69273,-1,71277,-1,-1,-1,-1,-1,-1,-1,-1,-1,67275,-1,69279,-1,-1,-1,-1,-1,-1,-1,75293,-1,-1,-1,-1,-1,81327,-1,83331,-1,-1,-1,83335,-1,-1,-1,-1,-1,-1,-1,83343,-1,-1,-1,-1,-1,-1,-1,87355,-1,85357,-1,85359,-1,-1,-1,-1,-1,-1,-1,-1,-1,-1,-1,87371,-1,-1,-1,-1,-1,89379,-1,91383,-1,91385,-1,-1,-1,89427,-1,-1,-1,89423,-1,-1,-1,89419,-1,87417,-1,-1,-1,-1,-1,-1,-1,-1,-1,91423,-1,91425,-1,-1,-1,-1,-1,93433,-1,-1,-1,95439,-1
-1,-1,-1,71294,-1,-1,-1,73302,74293,73292,-1,67278,-1,65276,-1,-1,-1,-1,-1,66270,66269,65268,-1,66266,66265,65264,-1,69274,70275,70276,-1,65266,66267,65268,66269,66270,66271,66272,66273,66274,-1,69280,70281,70282,70283,70284,-1,73290,74291,74292,-1,-1,-1,-1,-1,81326,-1,83332,-1,-1,-1,83336,84337,84338,84339,84340,84341,84342,84343,83344,-1,-1,-1,-1,-1,-1,-1,86360,86359,85358,-1,85360,86361,86362,86363,86364,86365,86366,86367,86368,86369,86370,-1,87372,88373,88374,88375,88376,88377,88378,-1,91384,-1,91386,-1,-1,-1,89426,-1,-1,-1,89422,90421,89420,-1,89418,-1,87416,-1,87414,88415,88416,-1,89418,90419,90420,90421,90422,90423,90424,-1,-1,-1,-1,-1,93434,94435,94436,94437,94438,-1
-1,-1,-1,71295,-1,-1,-1,73301,-1,73291,-1,67277,-1,65275,-1,-1,-1,-1,-1,67271,-1,65267,-1,-1,-1,65263,-1,-1,-1,-1,-1,65265,-1,65267,-1,-1,-1,67273,-1,-1,-1,69281,-1,-1,-1,71285,-1,73289,-1,-1,-1,-1,-1,-1,-1,81325,-1,83333,-1,-1,-1,-1,-1,-1,-1,-1,-1,-1,-1,-1,-1,-1,-1,-1,-1,-1,-1,-1,-1,-1,-1,-1,-1,-1,-1,-1,-1,-1,-1,-1,-1,87371,-1,-1,-1,-1,-1,-1,-1,-1,-1,91385,-1,91387,-1,-1,-1,89425,-1,-1,-1,89421,-1,89419,-1,89417,-1,87415,-1,87413,-1,89415,-1,89417,-1,-1,-1,-1,-1,-1,-1,-1,-1,-1,-1,-1,-1,-1,-1,-1,-1
-1,-1,-1,71296,72297,72298,72299,72300,-1,73290,-1,66276,66275,65274,-1,-1,-1,65270,66271,66272,-1,65266,-1,-1,-1,65262,-1,63260,64261,64262,64263,64264,64265,64266,-1,67272,68273,67274,-1,-1,-1,69282,70283,70284,-1,71286,72287,72288,-1,-1,-1,79320,80321,80322,80323,80324,-1,83334,84335,84336,84337,84338,-1,-1,-1,93370,94371,94372,94373,94374,94375,94376,-1,-1,-1,-1,-1,-1,-1,101404,102405,102406,102407,102408,102409,102410,102411,102412,-1,-1,-1,87372,-1,-1,-1,92392,92391,92390,92389,92388,92387,91386,-1,91388,-1,-1,-1,88424,88423,88422,88421,88420,88419,88418,88417,88416,88415,87414,88413,87412,88413,88414,88415,88416,88417,88418,88419,88420,88421,88422,-1,-1,-1,-1,-1,84400,84399,83398,-1,-1,-1
-1,-1,-1,-1,-1,-1,-1,-1,-1,73289,-1,-1,-1,65273,-1,-1,-1,65269,-1,-1,-1,65265,-1,-1,-1,65261,-1,63259,-1,-1,-1,-1,-1,-1,-1,67271,-1,-1,-1,-1,-1,69283,-1,71285,-1,-1,-1,-1,-1,-1,-1,79319,-1,81323,-1,-1,-1,-1,-1,-1,-1,85339,-1,-1,-1,93369,-1,-1,-1,-1,-1,95377,-1,-1,-1,-1,-1,-1,-1,101403,-1,-1,-1,-1,-1,-1,-1,103413,-1,-1,-1,87373,-1,-1,-1,93387,-1,-1,-1,-1,-1,-1,-1,91389,-1,-1,-1,-1,-1,-1,-1,-1,-1,-1,-1,-1,-1,87413,-1,87411,-1,89415,-1,-1,-1,89419,-1,-1,-1,89405,-1,-1,-1,-1,-1,85399,-1,83397,-1,-1,-1
-1,69292,70293,70294,70295,70296,70297,70298,-1,72288,72287,71286,-1,64272,64271,64270,64269,64268,64267,64266,64265,64264,64263,64262,64261,64260,64259,63258,64259,64260,64261,64262,64263,64264,-1,67270,-1,70288,70287,70286,70285,69284,70285,70286,-1,-1,-1,71294,72295,72296,-1,79318,-1,81324,-1,83330,84331,84332,84333,84334,-1,85340,-1,-1,-1,93368,-1,-1,-1,-1,-1,95378,96379,96380,96381,96382,96383,96384,-1,100402,100401,99400,-1,105422,106421,105420,-1,103414,-1,88376,88375,87374,-1,91384,92385,92386,-1,125480,126481,126482,-1,-1,-1,91390,92391,92392,92393,92394,-1,88420,88419,88418,88417,88416,88415,87414,-1,87412,-1,87410,-1,89416,90417,90418,90419,89420,-1,-1,-1,88404,88403,87402,-1,-1,-1,85398,-1,83396,-1,-1,-1
-1,69291,-1,-1,-1,-1,-1,71299,-1,-1,-1,71285,-1,-1,-1,65271,-1,-1,-1,-1,-1,65265,-1,65263,-1,-1,-1,63257,-1,65259,-1,-1,-1,65265,-1,67269,-1,71289,-1,-1,-1,69285,-1,-1,-1,-1,-1,71293,-1,73297,-1,79317,-1,81325,-1,83329,-1,-1,-1,85335,-1,85341,-1,-1,-1,93367,-1,-1,-1,-1,-1,-1,-1,-1,-1,-1,-1,97385,-1,-1,-1,99399,-1,105421,-1,105419,-1,103415,-1,89377,-1,-1,-1,91383,-1,-1,-1,125479,-1,127483,-1,-1,-1,-1,-1,-1,-1,93395,-1,89421,-1,-1,-1,-1,-1,87413,-1,87411,-1,87409,-1,-1,-1,-1,-1,-1,-1,-1,-1,-1,-1,87401,-1,-1,-1,85397,-1,83395,-1,-1,-1
-1,69290,-1,-1,-1,71294,72295,71300,-1,69282,70283,70284,-1,66274,66273,65272,-1,-1,-1,66268,66267,65266,-1,65264,-1,64258,64257,63256,64257,64258,-1,-1,-1,65266,66267,66268,-1,71290,-1,-1,-1,69286,70287,70288,70289,70290,70291,70292,-1,73298,-1,79316,-1,81326,82327,82328,-1,-1,-1,85336,-1,85342,86343,86344,-1,93366,94367,94368,94369,94370,94369,93368,-1,-1,-1,-1,-1,97386,98387,98388,-1,99398,-1,104420,104419,104418,104417,103416,-1,89378,90379,90380,90381,90382,-1,123476,124477,124478,-1,127484,-1,-1,-1,94400,94399,94398,94397,93396,-1,89422,-1,86416,86415,86414,86413,86412,86411,86410,86409,86408,86407,86406,86405,85404,86403,85402,86401,85400,86399,85398,86399,86400,-1,83394,84395,84396,-1,82394,82393,81392,-1
-1,69289,-1,-1,-1,71293,-1,-1,-1,69281,-1,-1,-1,67275,-1,-1,-1,-1,-1,67269,-1,-1,-1,65265,-1,65259,-1,63255,-1,-1,-1,-1,-1,-1,-1,-1,-1,71291,-1,-1,-1,-1,-1,71289,-1,-1,-1,-1,-1,73299,-1,79315,-1,-1,-1,-1,-1,-1,-1,85337,-1,-1,-1,87345,-1,93365,-1,-1,-1,-1,-1,93367,-1,-1,-1,-1,-1,97387,-1,99389,-1,99397,-1,105421,-1,105419,-1,-1,-1,-1,-1,-1,-1,-1,-1,123475,-1,-1,-1,127485,-1,-1,-1,95401,-1,-1,-1,-1,-1,89423,-1,87417,-1,87415,-1,-1,-1,87411,-1,87409,-1,87407,-1,85403,-1,85401,-1,85399,-1,85397,-1,-1,-1,83393,-1,-1,-1,-1,-1,81391,-1
-1,69288,-1,69290,70291,70292,-1,-1,-1,68280,68279,68278,68277,67276,-1,-1,-1,-1,-1,67270,-1,-1,-1,65266,66261,65260,-1,62254,62253,61252,62253,62254,62255,62256,-1,-1,-1,71292,72293,72294,-1,-1,-1,71290,-1,-1,-1,74302,74301,73300,-1,78314,78313,77312,-1,86342,86341,86340,86339,85338,-1,88348,88347,87346,-1,93364,-1,91362,92363,92364,92365,92366,-1,-1,-1,-1,-1,97388,98389,98390,-1,99396,-1,105422,106421,105420,106421,106422,106423,106424,-1,-1,-1,121472,122473,122474,-1,128488,128487,127486,-1,93436,94437,94438,-1,90428,90427,89426,-1,89424,-1,87418,-1,87416,88415,88414,88413,87412,88411,87410,-1,87408,-1,84402,84401,84400,84399,84398,84397,84396,84395,84394,84393,83392,-1,81390,82391,82392,82391,81390,-1
-1,69287,-1,69289,-1,-1,-1,-1,-1,-1,-1,-1,-1,67277,-1,-1,-1,-1,-1,67271,-1,-1,-1,-1,-1,-1,-1,-1,-1,61251,-1,-1,-1,63257,-1,-1,-1,-1,-1,73277,-1,-1,-1,71291,-1,-1,-1,75303,-1,-1,-1,-1,-1,77311,-1,87343,-1,87341,-1,-1,-1,89349,-1,-1,-1,93363,-1,91361,-1,93365,-1,93367,-1,-1,-1,-1,-1,97389,-1,-1,-1,99395,-1,-1,-1,-1,-1,-1,-1,107425,-1,-1,-1,121471,-1,-1,-1,129489,-1,-1,-1,93435,-1,-1,-1,91429,-1,89425,-1,89423,-1,87419,-1,-1,-1,-1,-1,-1,-1,-1,-1,87409,-1,-1,-1,-1,-1,-1,-1,-1,-1,85393,-1,83391,-1,81389,-1,-1,-1,81389,-1
-1,68290,68289,68288,68287,68286,68285,68284,68283,68282,68281,68280,68279,67278,68279,68280,-1,-1,-1,67272,68273,68274,-1,57240,58241,58242,58243,58244,-1,61250,-1,64260,64259,63258,-1,-1,-1,-1,-1,72276,72275,71274,-1,71292,72293,72294,-1,75304,76305,76306,76307,76308,76309,76310,-1,87344,88343,87342,-1,90352,90351,89350,-1,-1,-1,92362,92361,91360,-1,93366,-1,93368,-1,-1,-1,-1,-1,97390,98391,98392,98393,98394,-1,-1,-1,-1,-1,-1,-1,107426,-1,119468,120469,120470,-1,-1,-1,129490,130425,129424,-1,92434,92433,92432,92431,91430,-1,88424,88423,88422,88421,87420,88419,88418,88417,88416,88415,88414,88413,88412,88411,87410,-1,88404,88403,88402,88401,88400,88399,87398,-1,84392,84391,83390,-1,81388,-1,79386,80387,80388,-1
-1,69273,-1,-1,-1,-1,-1,-1,-1,-1,-1,69281,-1,67279,-1,69281,-1,-1,-1,-1,-1,69275,-1,57239,-1,-1,-1,59245,-1,61249,-1,65261,-1,-1,-1,-1,-1,-1,-1,-1,-1,71273,-1,-1,-1,73265,-1,-1,-1,-1,-1,-1,-1,-1,-1,87345,-1,-1,-1,91353,-1,89351,-1,-1,-1,-1,-1,91359,-1,93367,-1,93369,-1,-1,-1,-1,-1,-1,-1,-1,-1,-1,-1,-1,-1,-1,-1,-1,-1,107427,-1,119467,-1,-1,-1,-1,-1,-1,-1,129423,-1,93435,-1,-1,-1,-1,-1,-1,-1,-1,-1,-1,-1,-1,-1,-1,-1,89415,-1,-1,-1,-1,-1,89405,-1,-1,-1,-1,-1,87397,-1,85393,-1,83389,-1,81387,-1,79385,-1,-1,-1
-1,68272,68271,68270,68269,68268,68267,68266,68265,67264,-1,69282,-1,67280,68281,68282,-1,-1,-1,70278,70277,69276,-1,56238,56237,55236,-1,59246,60247,60248,-1,65262,66263,66264,-1,72286,72285,72284,72283,71282,-1,70272,70271,69270,-1,72264,72263,71262,-1,90356,90355,90354,90353,89352,-1,87346,88347,88348,-1,91354,-1,89352,90353,90354,90355,90356,90357,90358,-1,93368,94369,93370,-1,-1,-1,-1,-1,-1,-1,-1,-1,-1,-1,-1,-1,-1,-1,108430,108429,107428,-1,119466,-1,-1,-1,127418,128419,128420,128421,128422,-1,93436,94437,94438,94439,94440,94441,94442,94443,94444,94445,94446,-1,94428,94427,93426,-1,89416,90417,90418,-1,-1,-1,89406,90407,90408,-1,-1,-1,86396,86395,85394,-1,83388,-1,80386,80385,79384,-1,-1,-1
-1,-1,-1,69271,-1,-1,-1,-1,-1,67263,-1,69283,-1,-1,-1,-1,-1,-1,-1,71279,-1,-1,-1,-1,-1,55235,-1,-1,-1,-1,-1,-1,-1,67265,-1,73281,-1,-1,-1,71281,-1,-1,-1,69269,-1,-1,-1,71261,-1,91357,-1,-1,-1,89351,-1,87347,-1,89349,-1,91355,-1,-1,-1,91355,-1,-1,-1,-1,-1,-1,-1,-1,-1,-1,-1,-1,-1,-1,-1,-1,-1,-1,-1,-1,-1,-1,-1,109431,-1,-1,-1,119465,-1,-1,-1,127417,-1,-1,-1,-1,-1,-1,-1,-1,-1,-1,-1,-1,-1,-1,-1,95447,-1,95429,-1,93425,-1,-1,-1,91419,-1,-1,-1,-1,-1,91409,-1,-1,-1,-1,-1,85395,-1,83387,-1,81385,-1,79383,-1,-1,-1
-1,-1,-1,69272,-1,65258,66259,66260,66261,66262,-1,69284,-1,-1,-1,-1,-1,-1,-1,71280,72281,72282,72283,72284,-1,55234,-1,-1,-1,-1,-1,68268,68267,67266,-1,72280,72279,71278,72279,71280,-1,-1,-1,69268,-1,69258,70259,70260,-1,91358,92359,92360,-1,88350,88349,87348,-1,89350,-1,91356,-1,-1,-1,91356,92357,92358,92359,92360,92361,92362,-1,105412,106413,106414,-1,-1,-1,-1,-1,-1,-1,-1,-1,-1,-1,-1,-1,109432,110433,110434,-1,119464,-1,-1,-1,127416,-1,-1,-1,-1,-1,124406,124405,124404,124403,123402,-1,-1,-1,-1,-1,95448,96431,95430,-1,92424,92423,92422,92421,91420,-1,-1,-1,-1,-1,91410,-1,-1,-1,-1,-1,85396,-1,82386,82385,81384,-1,79382,80383,80384,-1
-1,-1,-1,69273,-1,65257,-1,-1,-1,-1,-1,69285,-1,-1,-1,-1,-1,-1,-1,-1,-1,-1,-1,73285,-1,55233,-1,-1,-1,-1,-1,69269,-1,-1,-1,-1,-1,71277,-1,71279,-1,-1,-1,69267,-1,69257,-1,-1,-1,91359,-1,93361,-1,-1,-1,87349,-1,89351,-1,91357,-1,-1,-1,-1,-1,-1,-1,-1,-1,93363,-1,105411,-1,107415,-1,-1,-1,-1,-1,-1,-1,-1,-1,-1,-1,-1,-1,-1,-1,111435,-1,119463,-1,-1,-1,127415,-1,-1,-1,-1,-1,125407,-1,-1,-1,123401,-1,-1,-1,-1,-1,-1,-1,-1,-1,-1,-1,-1,-1,91421,-1,-1,-1,-1,-1,91411,-1,-1,-1,-1,-1,85397,-1,-1,-1,81383,-1,79381,-1,81383,-1
-1,-1,-1,69274,-1,64256,64255,64254,64253,63252,-1,69286,70287,70288,-1,-1,-1,-1,-1,-1,-1,-1,-1,73286,-1,54232,54231,53230,-1,-1,-1,69270,70271,70272,70273,70274,70275,70276,70277,70278,-1,67264,68265,68266,-1,68256,68255,67254,-1,91360,-1,93362,94363,94364,-1,87350,88351,88352,-1,91358,92359,92360,92361,92362,92363,92364,92365,92366,-1,93364,-1,105410,-1,107416,108417,108418,108419,108420,108421,108422,108423,108424,-1,112442,112441,112440,112439,112438,112437,111436,-1,118462,118461,117460,-1,126414,126413,126412,126411,126410,126409,125408,-1,-1,-1,123400,-1,-1,-1,-1,-1,-1,-1,-1,-1,92426,92425,92424,92423,91422,-1,89408,90409,90410,90411,90412,-1,-1,-1,86400,86399,85398,-1,-1,-1,80382,80381,79380,-1,81382,-1
-1,-1,-1,69275,-1,65257,-1,-1,-1,63251,-1,-1,-1,71289,-1,-1,-1,-1,-1,-1,-1,-1,-1,73287,-1,-1,-1,53229,-1,-1,-1,-1,-1,-1,-1,-1,-1,-1,-1,-1,-1,67263,-1,-1,-1,-1,-1,67253,-1,91361,-1,-1,-1,95365,-1,-1,-1,89353,-1,-1,-1,-1,-1,-1,-1,-1,-1,93367,-1,93365,-1,105409,-1,-1,-1,-1,-1,-1,-1,-1,-1,109351,-1,113443,-1,-1,-1,-1,-1,-1,-1,-1,-1,117459,-1,-1,-1,-1,-1,-1,-1,-1,-1,-1,-1,123399,-1,-1,-1,-1,-1,-1,-1,-1,-1,93427,-1,-1,-1,-1,-1,89407,-1,-1,-1,-1,-1,-1,-1,87399,-1,-1,-1,-1,-1,81381,-1,79379,-1,81381,-1
-1,-1,-1,69276,-1,65258,-1,-1,-1,63250,-1,-1,-1,71290,72291,72292,-1,-1,-1,-1,-1,-1,-1,73288,-1,-1,-1,53228,-1,59238,60239,60240,60241,60242,60243,60244,-1,63250,64251,64252,-1,67262,-1,65248,66249,66250,66251,66252,-1,91362,92363,92364,-1,95366,96367,95376,-1,89354,90355,90356,-1,94374,94373,94372,94371,94370,94369,93368,-1,93366,-1,105408,-1,102402,102401,102400,102399,101398,-1,107348,108349,108350,-1,113444,114445,114446,114447,114448,114449,114450,114451,114452,-1,117458,-1,-1,-1,121386,122391,122392,122393,122394,122395,122396,122397,122398,-1,-1,-1,-1,-1,-1,-1,-1,-1,93428,-1,-1,-1,-1,-1,89406,-1,-1,-1,-1,-1,-1,-1,87398,-1,82384,82383,82382,82381,81380,-1,79378,80379,80380,-1
-1,-1,-1,69277,-1,65259,-1,-1,-1,63249,-1,-1,-1,-1,-1,73293,-1,-1,-1,-1,-1,-1,-1,73289,-1,-1,-1,53227,-1,59237,-1,-1,-1,-1,-1,61245,-1,63249,-1,65253,-1,67261,-1,65247,-1,-1,-1,-1,-1,91363,-1,93365,-1,-1,-1,95375,-1,-1,-1,91357,-1,95375,-1,-1,-1,-1,-1,-1,-1,93367,-1,105407,-1,103403,-1,-1,-1,101397,-1,107347,-1,-1,-1,-1,-1,-1,-1,-1,-1,-1,-1,115453,-1,117457,-1,-1,-1,121385,-1,-1,-1,-1,-1,-1,-1,-1,-1,-1,-1,-1,-1,-1,-1,-1,-1,93429,-1,-1,-1,-1,-1,89405,-1,-1,-1,-1,-1,-1,-1,87397,-1,83385,-1,83383,-1,81379,-1,79377,-1,-1,-1
-1,-1,-1,69278,-1,65260,66261,66262,-1,62248,62247,62246,62245,61244,-1,73294,-1,-1,-1,-1,-1,74292,74291,73290,-1,53224,54225,53226,-1,58236,58235,58234,58233,57232,-1,61246,62247,62248,-1,65254,-1,67260,-1,65246,-1,-1,-1,92366,92365,91364,-1,93366,94367,94368,-1,95374,-1,92360,92359,91358,-1,95376,-1,94374,94373,94372,94371,94370,94369,93368,-1,104406,104405,103404,-1,99394,100395,100396,-1,107346,-1,-1,-1,-1,-1,105344,106345,106346,106347,106348,-1,115454,116455,116456,-1,-1,-1,121384,-1,-1,-1,94444,94443,94442,94441,94440,94439,94438,94437,94436,94435,94434,94433,94432,94431,93430,-1,-1,-1,87402,88403,88404,-1,-1,-1,-1,-1,85394,86395,86396,-1,83386,-1,83384,-1,80378,80377,79376,80377,80378,-1
-1,-1,-1,69279,-1,-1,-1,67257,-1,-1,-1,63245,-1,61243,-1,73295,-1,-1,-1,-1,-1,75293,-1,-1,-1,53223,-1,53225,-1,-1,-1,-1,-1,57231,-1,-1,-1,-1,-1,65255,-1,67259,-1,65245,-1,-1,-1,93367,-1,-1,-1,-1,-1,95369,-1,95373,-1,93361,-1,-1,-1,95377,-1,95375,-1,-1,-1,-1,-1,-1,-1,-1,-1,-1,-1,99393,-1,-1,-1,107345,-1,-1,-1,-1,-1,105343,-1,-1,-1,107349,-1,-1,-1,-1,-1,-1,-1,121383,-1,-1,-1,95445,-1,95443,-1,-1,-1,-1,-1,-1,-1,-1,-1,-1,-1,-1,-1,-1,-1,87401,-1,-1,-1,-1,-1,-1,-1,85393,-1,-1,-1,83387,-1,83383,-1,81379,-1,79375,-1,81377,-1
-1,69262,70263,69280,-1,-1,-1,67256,-1,-1,-1,62244,62243,61242,-1,73296,-1,-1,-1,75304,76295,75294,-1,-1,-1,53222,-1,53224,-1,-1,-1,55228,56229,56230,-1,59228,60229,60230,-1,65256,66257,66258,-1,65244,-1,94370,94369,93368,-1,-1,-1,96372,96371,95370,-1,95372,-1,93362,-1,-1,-1,95378,96377,95376,-1,-1,-1,-1,-1,97386,98387,98388,98389,98390,98391,98392,-1,105342,106343,106344,-1,-1,-1,-1,-1,105342,-1,108356,108355,107350,108351,108352,-1,119378,120379,120380,120381,120382,-1,96448,96447,95446,96445,95444,-1,-1,-1,-1,-1,-1,-1,85392,86393,86394,86395,86396,86397,86398,86399,86400,-1,83394,84395,84396,84395,83394,-1,84392,84391,84390,84389,83388,-1,82382,82381,81380,-1,79374,80375,80376,-1
-1,69261,-1,-1,-1,-1,-1,67255,-1,-1,-1,-1,-1,61241,-1,73297,-1,-1,-1,75303,-1,-1,-1,-1,-1,53221,-1,53223,-1,-1,-1,55227,-1,-1,-1,59227,-1,61231,-1,-1,-1,-1,-1,65243,-1,95371,-1,-1,-1,-1,-1,97373,-1,-1,-1,95371,-1,93363,-1,-1,-1,-1,-1,95377,-1,-1,-1,-1,-1,97385,-1,-1,-1,-1,-1,-1,-1,105341,-1,-1,-1,-1,-1,-1,-1,105341,-1,109357,-1,-1,-1,109353,-1,119377,-1,-1,-1,-1,-1,97343,-1,95447,-1,-1,-1,-1,-1,-1,-1,-1,-1,85391,-1,-1,-1,-1,-1,-1,-1,-1,-1,83393,-1,-1,-1,83393,-1,-1,-1,-1,-1,83387,-1,-1,-1,-1,-1,79373,-1,-1,-1
-1,68260,68259,68258,68257,68256,68255,67254,-1,64248,64247,63246,-1,61240,-1,73298,74299,74300,74301,74302,-1,55224,56223,55222,-1,53220,-1,53222,54223,54224,54225,54226,-1,57224,58225,58226,-1,61232,62233,62234,-1,-1,-1,65242,-1,95372,-1,97378,98377,98376,98375,97374,-1,96372,96371,95370,-1,93364,-1,-1,-1,-1,-1,95378,96379,96380,96381,96382,96383,96384,-1,99390,100391,100392,100393,100394,-1,104340,104339,103338,-1,103336,104337,104338,104339,104340,-1,109358,110359,110360,110359,109354,-1,119376,-1,-1,-1,-1,-1,96450,96449,95448,-1,90402,90401,89400,-1,-1,-1,-1,-1,85390,-1,-1,-1,-1,-1,-1,-1,81390,82391,82392,-1,-1,-1,82392,82391,82390,82389,82388,82387,82386,82385,81384,-1,-1,-1,79372,-1,-1,-1
-1,69261,-1,-1,-1,-1,-1,67253,-1,65249,-1,63245,-1,61239,-1,-1,-1,-1,-1,-1,-1,55223,-1,55221,-1,53219,-1,53221,-1,-1,-1,-1,-1,57223,-1,-1,-1,-1,-1,63235,-1,-1,-1,65241,-1,95373,-1,97377,-1,-1,-1,97375,-1,97373,-1,95369,-1,93365,-1,-1,-1,-1,-1,-1,-1,-1,-1,97383,-1,97385,-1,99389,-1,-1,-1,101395,-1,-1,-1,103337,-1,103335,-1,-1,-1,-1,-1,-1,-1,-1,-1,109355,-1,119375,-1,-1,-1,-1,-1,97341,-1,-1,-1,91403,-1,89399,-1,-1,-1,-1,-1,85389,-1,-1,-1,-1,-1,-1,-1,81389,-1,-1,-1,-1,-1,-1,-1,-1,-1,-1,-1,-1,-1,81383,-1,-1,-1,79371,-1,-1,-1
-1,69262,70263,70264,-1,-1,-1,66252,66251,65250,-1,63244,-1,60238,60237,60236,60235,59234,-1,56224,56223,55222,-1,54220,54219,53218,-1,52220,52219,51218,-1,-1,-1,56222,56221,56220,56219,55218,-1,63236,64237,64238,64239,64240,-1,95374,96375,96376,-1,98378,98377,97376,-1,97374,-1,94368,94367,93366,94367,94368,94369,94370,94371,94372,-1,97378,98379,97384,-1,97386,98387,98388,-1,99394,100395,100396,100397,100398,-1,102336,102335,102334,102333,101332,-1,98326,98325,97324,-1,110358,110357,109356,-1,118374,118373,117372,-1,-1,-1,97340,-1,-1,-1,91404,-1,88398,88397,88396,88395,87394,-1,85388,-1,-1,-1,-1,-1,-1,-1,80388,80387,80386,80385,80384,80383,80382,80381,79380,80379,79378,80379,80380,80381,80382,-1,-1,-1,78370,78369,77368,-1
-1,-1,-1,71265,-1,-1,-1,67253,-1,-1,-1,63243,-1,61239,-1,-1,-1,59233,-1,57225,-1,55221,-1,-1,-1,53217,-1,-1,-1,51217,-1,-1,-1,-1,-1,-1,-1,55217,-1,-1,-1,-1,-1,-1,-1,-1,-1,-1,-1,99329,-1,-1,-1,97375,-1,-1,-1,-1,-1,-1,-1,-1,-1,95373,-1,97377,-1,97385,-1,-1,-1,99389,-1,99393,-1,-1,-1,101399,-1,-1,-1,-1,-1,101331,-1,99327,-1,97323,-1,111359,-1,-1,-1,-1,-1,117371,-1,-1,-1,97339,-1,-1,-1,91405,-1,-1,-1,-1,-1,87393,-1,85387,-1,-1,-1,-1,-1,-1,-1,-1,-1,-1,-1,-1,-1,81383,-1,79379,-1,79377,-1,81375,-1,-1,-1,-1,-1,79369,-1,77367,-1
-1,-1,-1,71266,-1,-1,-1,67254,68255,68256,-1,62242,62241,61240,62241,62242,-1,59232,-1,57226,-1,54220,54219,53218,-1,52216,52215,51214,-1,51216,-1,-1,-1,53212,54213,54214,54215,54216,-1,-1,-1,-1,-1,-1,-1,-1,-1,97326,98327,98328,-1,-1,-1,97376,98377,98378,98379,98380,-1,-1,-1,-1,-1,95374,96375,96376,-1,97386,98387,98388,98389,98390,98391,98392,-1,102402,102401,101400,-1,85282,86283,86284,-1,100330,100329,99328,-1,97322,-1,111360,112361,112362,-1,115368,116369,116370,-1,95336,96337,96338,-1,-1,-1,91406,-1,-1,-1,85390,86391,86392,-1,84386,84385,84384,84383,83382,-1,79388,80387,80386,80385,79384,80383,79382,80383,80384,-1,79378,-1,79376,-1,80374,80373,80372,80371,80370,80369,79368,-1,77366,-1
-1,-1,-1,71267,-1,-1,-1,-1,-1,69257,-1,-1,-1,61241,-1,63243,-1,59231,-1,57227,-1,-1,-1,53217,-1,-1,-1,51213,-1,51215,-1,-1,-1,53211,-1,-1,-1,55217,-1,-1,-1,-1,-1,-1,-1,-1,-1,97325,-1,-1,-1,-1,-1,-1,-1,-1,-1,99381,-1,-1,-1,-1,-1,-1,-1,-1,-1,-1,-1,-1,-1,-1,-1,99393,-1,103403,-1,-1,-1,85281,-1,87285,-1,-1,-1,-1,-1,97321,-1,-1,-1,113363,-1,115367,-1,-1,-1,95335,-1,-1,-1,-1,-1,91407,-1,-1,-1,85389,-1,-1,-1,-1,-1,-1,-1,83381,-1,79387,-1,-1,-1,79383,-1,79381,-1,-1,-1,79377,-1,79375,-1,-1,-1,-1,-1,-1,-1,79367,-1,77365,-1
-1,72270,72269,71268,-1,-1,-1,-1,-1,69258,-1,62244,62243,61242,62243,62244,-1,58230,58229,57228,-1,-1,-1,52216,52215,51214,-1,51212,-1,51214,-1,51208,52209,52210,-1,56220,56219,55218,-1,-1,-1,-1,-1,-1,-1,95322,96323,96324,-1,-1,-1,-1,-1,-1,-1,100384,100383,99382,-1,-1,-1,100406,100405,100404,100403,100402,100401,100400,100399,100398,100397,100396,100395,99394,-1,103404,-1,83278,84279,84280,-1,87286,88287,88288,-1,-1,-1,96320,96319,95318,-1,113364,114365,114366,-1,-1,-1,94334,94333,93332,-1,-1,-1,91408,92409,92410,-1,84388,84387,84386,84385,83384,-1,81378,82379,82380,-1,78386,78385,78384,78383,78382,78381,78380,78379,78378,78377,78376,78375,78374,78373,78372,78371,78370,78369,78368,78367,78366,78365,77364,-1
-1,73249,-1,-1,-1,-1,-1,-1,-1,69259,-1,63245,-1,61243,-1,-1,-1,-1,-1,-1,-1,-1,-1,-1,-1,51213,-1,51211,-1,51213,-1,51207,-1,-1,-1,57221,-1,-1,-1,-1,-1,-1,-1,-1,-1,95321,-1,-1,-1,-1,-1,-1,-1,-1,-1,101385,-1,-1,-1,-1,-1,101407,-1,-1,-1,101403,-1,-1,-1,-1,-1,-1,-1,-1,-1,103405,-1,83277,-1,-1,-1,-1,-1,89287,-1,-1,-1,-1,-1,95317,-1,-1,-1,-1,-1,-1,-1,-1,-1,93331,-1,-1,-1,-1,-1,93411,-1,-1,-1,-1,-1,83383,-1,81377,-1,-1,-1,-1,-1,79385,-1,-1,-1,79381,-1,79379,-1,-1,-1,-1,-1,79373,-1,79371,-1,79369,-1,-1,-1,77363,-1
-1,72248,72247,71246,-1,70264,70263,70262,70261,69260,-1,62246,62245,61244,-1,-1,-1,49204,50205,50206,50207,50208,50209,50210,50211,50212,-1,51210,-1,51212,-1,51206,-1,55220,56221,56222,-1,-1,-1,53218,54219,54220,54221,54222,-1,95320,-1,-1,-1,-1,-1,-1,-1,-1,-1,101386,102387,102388,102389,102390,102391,101408,102407,102406,102405,101404,-1,-1,-1,-1,-1,104410,104409,104408,104407,103406,-1,83276,-1,85278,86279,86280,-1,89286,-1,87296,88297,88298,-1,94316,94315,93314,94319,94320,-1,-1,-1,-1,-1,93330,-1,-1,-1,-1,-1,93412,-1,-1,-1,-1,-1,83382,-1,80376,80375,79374,-1,-1,-1,79386,80387,80388,-1,79382,-1,79380,-1,79378,80379,80380,-1,79374,80373,79372,-1,79370,-1,75360,76361,76362,-1
-1,-1,-1,71245,-1,71247,-1,-1,-1,-1,-1,-1,-1,61245,-1,-1,-1,49203,-1,-1,-1,-1,-1,-1,-1,-1,-1,51209,-1,51211,-1,51205,-1,55219,-1,-1,-1,-1,-1,53217,-1,-1,-1,55223,-1,95319,-1,-1,-1,-1,-1,-1,-1,-1,-1,-1,-1,-1,-1,103391,-1,-1,-1,-1,-1,-1,-1,-1,-1,-1,-1,105411,-1,-1,-1,-1,-1,83275,-1,85277,-1,87281,-1,89285,-1,87295,-1,89299,-1,-1,-1,93313,-1,95321,-1,-1,-1,-1,-1,93329,-1,-1,-1,-1,-1,93413,-1,-1,-1,-1,-1,83381,-1,-1,-1,79373,-1,-1,-1,-1,-1,81387,-1,79383,-1,79381,-1,79377,-1,81381,-1,-1,-1,-1,-1,79371,-1,75359,-1,-1,-1
-1,69242,70243,70244,-1,70246,70245,69244,-1,-1,-1,-1,-1,61246,-1,-1,-1,48202,48201,47200,-1,-1,-1,49204,50205,50206,50207,50208,-1,51210,-1,51204,-1,54218,54217,53216,-1,51214,52215,52216,-1,-1,-1,55224,-1,94318,94317,94316,94315,93314,-1,-1,-1,-1,-1,-1,-1,-1,-1,103392,104393,104394,-1,107400,108401,108402,-1,108420,108419,107418,-1,105412,-1,-1,-1,-1,-1,83274,84275,84276,-1,87282,88283,88284,-1,87294,-1,89300,-1,-1,-1,93312,-1,95322,96323,96324,96325,96326,-1,93328,-1,-1,-1,-1,-1,93414,-1,-1,-1,-1,-1,82380,82379,81378,-1,79372,-1,-1,-1,-1,-1,80386,80385,79384,-1,79382,-1,79376,-1,81382,82381,81380,-1,-1,-1,79372,-1,75358,-1,-1,-1
-1,69241,-1,-1,-1,-1,-1,69243,-1,-1,-1,-1,-1,61247,-1,-1,-1,-1,-1,47199,-1,-1,-1,49203,-1,-1,-1,-1,-1,51209,-1,51203,-1,-1,-1,53215,-1,51213,-1,-1,-1,-1,-1,55225,-1,95319,-1,95317,-1,93313,-1,-1,-1,-1,-1,-1,-1,-1,-1,-1,-1,105395,-1,107399,-1,109403,-1,109421,-1,107417,-1,105413,-1,-1,-1,-1,-1,83273,-1,-1,-1,87283,-1,-1,-1,87293,-1,89301,-1,-1,-1,93311,-1,-1,-1,-1,-1,97327,-1,93327,-1,-1,-1,-1,-1,93415,-1,-1,-1,-1,-1,-1,-1,81377,-1,79371,-1,-1,-1,-1,-1,-1,-1,-1,-1,79383,-1,79375,-1,-1,-1,81379,-1,-1,-1,79373,-1,75357,-1,-1,-1
-1,69240,-1,-1,-1,-1,-1,69242,-1,62252,62251,62250,62249,61248,-1,-1,-1,-1,-1,47198,-1,-1,-1,49202,-1,49204,50205,50206,50207,50208,-1,51202,-1,-1,-1,53214,-1,51212,-1,-1,-1,-1,-1,55226,-1,95320,96319,95318,-1,92312,92311,91310,-1,-1,-1,-1,-1,-1,-1,-1,-1,105396,106397,106398,-1,109404,110405,109422,-1,106416,106415,105414,-1,-1,-1,-1,-1,82272,82271,81270,-1,86292,86291,85290,-1,87292,-1,89302,-1,91308,92309,92310,-1,-1,-1,-1,-1,97328,-1,93326,-1,96424,96423,95422,-1,93416,-1,80378,80377,79376,-1,79374,80375,80376,-1,78370,78369,77368,-1,-1,-1,-1,-1,80386,80385,79384,-1,79374,-1,-1,-1,80378,80377,80376,80375,79374,-1,74356,74355,73354,-1
-1,69239,-1,-1,-1,-1,-1,69241,-1,63253,-1,-1,-1,61249,-1,-1,-1,-1,-1,47197,-1,-1,-1,49201,-1,49203,-1,-1,-1,-1,-1,51201,-1,-1,-1,53213,-1,51211,-1,-1,-1,-1,-1,55227,-1,-1,-1,-1,-1,-1,-1,91309,-1,-1,-1,-1,-1,-1,-1,-1,-1,-1,-1,-1,-1,-1,-1,-1,-1,-1,-1,-1,-1,-1,-1,-1,-1,-1,-1,81269,-1,-1,-1,85289,-1,87291,-1,89303,-1,91307,-1,-1,-1,-1,-1,-1,-1,97329,-1,93325,-1,97425,-1,95421,-1,93417,-1,81379,-1,79375,-1,79373,-1,-1,-1,-1,-1,77367,-1,-1,-1,-1,-1,81387,-1,-1,-1,79373,-1,-1,-1,-1,-1,-1,-1,-1,-1,-1,-1,73353,-1
-1,69238,-1,67236,68237,68238,68239,68240,-1,63254,-1,-1,-1,61250,62251,62252,62253,62254,-1,47196,48197,48198,48199,48200,48201,48202,-1,47192,48193,48194,-1,51200,52201,51202,-1,52212,52211,51210,-1,-1,-1,-1,-1,55228,56229,56230,56231,56232,56233,56234,-1,91308,-1,88302,88301,87300,-1,84294,84293,84292,84291,84290,84289,84288,84287,83286,84287,84288,-1,-1,-1,80268,80267,79266,-1,-1,-1,79266,80267,80268,-1,-1,-1,85288,86289,86290,-1,89304,90305,90306,-1,98336,98335,98334,98333,98332,98331,97330,-1,93324,-1,97426,-1,94420,94419,93418,-1,81380,-1,78374,78373,78372,78371,78370,78369,78368,78367,77366,78367,78368,78369,78370,-1,81388,82379,81378,-1,79372,-1,-1,-1,-1,-1,71346,72347,72348,72349,72350,72351,72352,-1
-1,69237,-1,67235,-1,-1,-1,-1,-1,63255,-1,-1,-1,61251,-1,-1,-1,63255,-1,47195,-1,-1,-1,-1,-1,-1,-1,47191,-1,49195,-1,51199,-1,51201,-1,-1,-1,51209,-1,-1,-1,-1,-1,55227,-1,-1,-1,-1,-1,57235,-1,91307,-1,89303,-1,87299,-1,85295,-1,-1,-1,-1,-1,-1,-1,83285,-1,85289,-1,-1,-1,81269,-1,79265,-1,-1,-1,79265,-1,-1,-1,-1,-1,85287,-1,-1,-1,-1,-1,-1,-1,99337,-1,-1,-1,-1,-1,-1,-1,93323,-1,97427,-1,-1,-1,-1,-1,81381,-1,-1,-1,-1,-1,-1,-1,79369,-1,77365,-1,-1,-1,79371,-1,-1,-1,81377,-1,79371,-1,-1,-1,-1,-1,71345,-1,-1,-1,-1,-1,-1,-1
-1,68236,68235,67234,-1,-1,-1,-1,-1,62256,62255,62254,62253,61252,-1,-1,-1,63256,-1,47194,-1,-1,-1,46190,46189,45188,46189,46190,-1,49196,50197,50198,50199,50200,50199,49198,-1,51208,-1,51218,52219,52220,-1,55226,-1,-1,-1,58238,58237,57236,-1,90306,90305,89304,-1,86298,86297,85296,-1,87302,88293,87292,-1,-1,-1,83284,-1,85290,86285,85284,-1,81270,-1,78264,78263,77262,78263,78264,-1,83282,84283,84284,84285,84286,-1,-1,-1,-1,-1,100340,100339,99338,-1,91316,92317,92318,92319,92320,92321,92322,-1,97428,98429,98430,-1,-1,-1,81382,82381,82380,82379,81378,-1,-1,-1,79370,-1,76364,76363,75362,-1,79372,80373,80374,80375,80376,-1,79370,-1,68336,68335,67334,-1,70344,70343,69342,-1,-1,-1,-1,-1
-1,-1,-1,67233,-1,-1,-1,-1,-1,-1,-1,-1,-1,61253,-1,-1,-1,63257,-1,47193,-1,-1,-1,47191,-1,45187,-1,-1,-1,-1,-1,-1,-1,-1,-1,49197,-1,51207,-1,51217,-1,53221,-1,55225,-1,-1,-1,59239,-1,-1,-1,-1,-1,-1,-1,-1,-1,85297,-1,87301,-1,87291,-1,-1,-1,83283,-1,-1,-1,85283,-1,81271,-1,-1,-1,77261,-1,79265,-1,83281,-1,-1,-1,85291,-1,-1,-1,-1,-1,101341,-1,99339,-1,91315,-1,-1,-1,-1,-1,-1,-1,-1,-1,99431,-1,-1,-1,81383,-1,-1,-1,81377,-1,-1,-1,79371,-1,-1,-1,75361,-1,-1,-1,-1,-1,-1,-1,79369,-1,69337,-1,67333,-1,-1,-1,69341,-1,-1,-1,-1,-1
-1,65230,66231,66232,-1,61222,62223,62224,-1,62258,62257,62256,62255,61254,-1,63260,64259,63258,-1,47192,48193,48194,48193,47192,-1,44186,44185,43184,-1,43186,44187,44188,-1,47194,48195,48196,-1,51206,-1,51216,-1,53222,54223,54224,-1,60242,60241,59240,-1,-1,-1,69236,70235,69234,-1,-1,-1,85298,86299,86300,-1,87290,-1,-1,-1,83282,-1,83280,84281,84282,-1,81272,-1,-1,-1,77260,-1,79266,-1,82280,82279,81278,-1,85292,-1,-1,-1,-1,-1,100342,100341,99340,-1,91314,-1,107372,108373,108374,108375,108376,-1,100434,100433,99432,-1,-1,-1,81384,-1,-1,-1,80376,80375,80374,80373,79372,-1,-1,-1,75360,-1,77362,78363,78364,78365,78366,78367,78368,-1,69338,-1,67332,-1,-1,-1,69340,-1,66334,66333,65332,-1
-1,65229,-1,-1,-1,61221,-1,63225,-1,63259,-1,-1,-1,61255,-1,63259,-1,-1,-1,47191,-1,-1,-1,-1,-1,-1,-1,43183,-1,43185,-1,45189,-1,47193,-1,-1,-1,51205,-1,51215,-1,-1,-1,-1,-1,61243,-1,-1,-1,-1,-1,69235,-1,69233,-1,-1,-1,-1,-1,-1,-1,87289,-1,-1,-1,83281,-1,83279,-1,-1,-1,81273,-1,-1,-1,77259,-1,79267,-1,-1,-1,81277,-1,85293,-1,-1,-1,-1,-1,-1,-1,-1,-1,91313,-1,107371,-1,-1,-1,109377,-1,101435,-1,-1,-1,-1,-1,81385,-1,-1,-1,-1,-1,-1,-1,-1,-1,-1,-1,75359,-1,77361,-1,-1,-1,-1,-1,-1,-1,69339,-1,67331,-1,-1,-1,69339,-1,67335,-1,65331,-1
-1,64228,64227,63226,-1,61220,-1,63226,64227,63260,-1,-1,-1,61256,62257,62258,-1,45188,46189,46190,-1,41176,42177,42178,42179,42180,42181,42182,42183,42184,-1,45190,46191,46192,-1,49202,50203,50204,-1,51214,-1,-1,-1,-1,-1,61244,-1,-1,-1,-1,-1,68234,68233,68232,68231,67230,-1,-1,-1,-1,-1,86288,86287,85286,-1,82280,82279,82278,82277,82276,82275,81274,-1,75256,76257,76258,-1,79268,-1,-1,-1,81276,-1,85294,-1,-1,-1,87302,88303,88304,-1,-1,-1,91312,-1,107370,-1,107452,108453,108454,-1,101436,-1,-1,-1,82388,82387,81386,-1,-1,-1,-1,-1,-1,-1,-1,-1,76360,76359,75358,-1,77360,-1,70346,70345,70344,70343,70342,70341,69340,-1,66330,66329,65328,-1,68338,68337,67336,-1,65330,-1
-1,-1,-1,63225,-1,61219,-1,-1,-1,-1,-1,-1,-1,-1,-1,-1,-1,45187,-1,-1,-1,41175,-1,43179,-1,-1,-1,-1,-1,-1,-1,-1,-1,47193,-1,49201,-1,-1,-1,51213,-1,-1,-1,-1,-1,61245,-1,-1,-1,-1,-1,-1,-1,-1,-1,67229,-1,-1,-1,-1,-1,-1,-1,85285,-1,83281,-1,-1,-1,-1,-1,-1,-1,75255,-1,-1,-1,79269,-1,-1,-1,81275,-1,85295,-1,-1,-1,87301,-1,89305,-1,-1,-1,91311,-1,107369,-1,107451,-1,-1,-1,101437,-1,-1,-1,83389,-1,-1,-1,-1,-1,-1,-1,-1,-1,-1,-1,77361,-1,75357,-1,77359,-1,71347,-1,-1,-1,-1,-1,-1,-1,-1,-1,65327,-1,-1,-1,-1,-1,65329,-1
-1,61222,62223,62224,-1,61218,-1,-1,-1,58210,58209,57208,-1,43182,44183,44184,44185,44186,-1,-1,-1,41174,-1,43180,44181,44182,44183,44184,44185,44186,44187,44188,-1,47194,-1,49200,-1,-1,-1,50212,50211,49210,-1,-1,-1,61246,62247,62248,62249,62250,-1,-1,-1,65226,66227,66228,-1,-1,-1,-1,-1,-1,-1,84284,84283,83282,-1,-1,-1,-1,-1,73252,74253,74254,-1,-1,-1,79270,80271,80272,80273,80274,-1,85296,86297,86298,86299,86300,-1,89306,90307,90308,90309,90310,-1,106452,106451,106450,106449,105448,-1,101438,102439,102440,-1,83390,-1,83380,84379,83378,-1,-1,-1,-1,-1,-1,-1,77362,-1,75356,76357,76358,-1,71348,72349,72350,-1,-1,-1,66330,66329,66328,66327,65326,-1,63324,64325,64326,64327,64328,-1
-1,61221,-1,-1,-1,61217,-1,-1,-1,59211,-1,57207,-1,43181,-1,-1,-1,-1,-1,-1,-1,41173,-1,-1,-1,-1,-1,45179,-1,-1,-1,45189,-1,47195,-1,49199,-1,-1,-1,-1,-1,49209,-1,-1,-1,-1,-1,-1,-1,63217,-1,-1,-1,65225,-1,-1,-1,-1,-1,-1,-1,-1,-1,-1,-1,-1,-1,-1,-1,-1,-1,73251,-1,-1,-1,-1,-1,-1,-1,-1,-1,-1,-1,-1,-1,-1,-1,-1,-1,-1,-1,-1,-1,-1,-1,107367,-1,-1,-1,105447,-1,-1,-1,103441,-1,83391,-1,83379,-1,83377,-1,-1,-1,-1,-1,-1,-1,77363,-1,75355,-1,-1,-1,71349,-1,73351,-1,-1,-1,67331,-1,-1,-1,65325,-1,63323,-1,-1,-1,-1,-1
-1,60220,60219,60218,60217,60216,60215,60214,60213,59212,-1,57206,-1,43180,-1,-1,-1,-1,-1,-1,-1,41172,-1,-1,-1,43176,44177,44178,-1,-1,-1,45190,-1,47196,48197,48198,-1,-1,-1,-1,-1,49208,-1,53190,54191,54192,54193,54194,-1,62216,62215,61214,-1,65224,-1,-1,-1,61220,62221,62222,-1,-1,-1,67234,68235,68236,68237,68238,-1,-1,-1,73250,-1,-1,-1,-1,-1,-1,-1,-1,-1,-1,-1,-1,-1,-1,-1,-1,-1,105360,106361,106362,106363,106364,106365,106366,-1,-1,-1,104446,104445,104444,104443,103442,-1,83392,-1,82378,82377,82376,82375,81374,-1,-1,-1,78366,78365,77364,-1,74354,74353,73352,-1,71350,72351,72352,-1,68334,68333,67332,-1,66326,66325,65324,-1,62322,62321,62320,62319,61318,-1
-1,-1,-1,-1,-1,61217,-1,61215,-1,-1,-1,57205,-1,43179,-1,-1,-1,-1,-1,-1,-1,41171,-1,-1,-1,43175,-1,-1,-1,-1,-1,45191,-1,-1,-1,-1,-1,-1,-1,-1,-1,49207,-1,53189,-1,-1,-1,55195,-1,-1,-1,61213,-1,65223,-1,-1,-1,61219,-1,63223,-1,-1,-1,67233,-1,-1,-1,69239,-1,-1,-1,73249,-1,-1,-1,-1,-1,-1,-1,-1,-1,-1,-1,-1,-1,-1,-1,-1,-1,105359,-1,-1,-1,-1,-1,-1,-1,-1,-1,-1,-1,-1,-1,-1,-1,83393,-1,-1,-1,-1,-1,81373,-1,-1,-1,79367,-1,-1,-1,-1,-1,73351,-1,-1,-1,73353,-1,69333,-1,-1,-1,67327,-1,65323,-1,-1,-1,-1,-1,61317,-1
-1,-1,-1,-1,-1,61218,62217,61216,-1,55202,56203,56204,-1,43178,-1,-1,-1,-1,-1,-1,-1,41170,-1,-1,-1,42174,42173,41172,-1,-1,-1,45192,46193,46194,46195,46196,-1,-1,-1,-1,-1,49206,-1,53188,-1,56198,56197,55196,-1,59210,60211,60212,-1,64222,64221,63220,-1,61218,-1,63224,64225,64226,-1,67232,-1,-1,-1,69240,-1,71246,72247,72248,-1,-1,-1,101348,102347,101346,-1,103348,104349,104350,104351,104352,104353,104354,104355,104356,104357,104358,-1,-1,-1,-1,-1,-1,-1,-1,-1,-1,-1,-1,-1,-1,-1,83394,84395,84396,-1,-1,-1,80372,80371,80370,80369,79368,-1,-1,-1,71348,72349,72350,-1,73344,74345,73354,-1,68332,68331,68330,68329,67328,-1,64322,64321,64320,64319,63318,-1,61316,-1
-1,-1,-1,-1,-1,-1,-1,-1,-1,55201,-1,-1,-1,43177,-1,-1,-1,-1,-1,-1,-1,41169,-1,-1,-1,-1,-1,41171,-1,-1,-1,-1,-1,-1,-1,47197,-1,-1,-1,-1,-1,49205,-1,53187,-1,57199,-1,-1,-1,59209,-1,-1,-1,-1,-1,63219,-1,61217,-1,-1,-1,65227,-1,67231,-1,-1,-1,69241,-1,71245,-1,-1,-1,-1,-1,101347,-1,101345,-1,103347,-1,-1,-1,-1,-1,-1,-1,-1,-1,-1,-1,-1,-1,-1,-1,-1,-1,-1,-1,-1,-1,-1,-1,-1,-1,-1,-1,85397,-1,-1,-1,-1,-1,-1,-1,-1,-1,-1,-1,71347,-1,-1,-1,73343,-1,-1,-1,-1,-1,-1,-1,-1,-1,65323,-1,-1,-1,63317,-1,61315,-1
-1,51188,52189,52190,52191,52192,52193,52194,-1,55200,-1,-1,-1,42176,42175,42174,42173,42172,42171,41170,-1,41168,-1,39166,40167,40168,40169,40170,-1,-1,-1,-1,-1,-1,-1,47198,48199,48200,48201,48202,48203,48204,-1,53186,-1,57200,-1,-1,-1,59208,-1,59210,60211,60212,-1,63218,-1,61216,-1,-1,-1,65228,66229,66230,-1,-1,-1,69242,70243,70244,-1,-1,-1,-1,-1,101346,-1,101344,102345,102346,-1,-1,-1,-1,-1,98336,98335,97334,-1,94328,94327,93326,-1,-1,-1,89314,90315,90316,90317,90318,90319,90320,90321,90322,90323,90324,-1,85398,-1,-1,-1,-1,-1,-1,-1,-1,-1,-1,-1,71346,-1,-1,-1,72342,72341,71340,-1,68334,68333,67332,-1,-1,-1,65324,66325,66326,-1,62316,62315,61314,-1
-1,51187,-1,-1,-1,-1,-1,53195,-1,55199,-1,-1,-1,43177,-1,-1,-1,-1,-1,41169,-1,41167,-1,39165,-1,-1,-1,-1,-1,-1,-1,-1,-1,-1,-1,-1,-1,-1,-1,-1,-1,-1,-1,53185,-1,57201,-1,-1,-1,59207,-1,59209,-1,61213,-1,63217,-1,61215,-1,-1,-1,-1,-1,-1,-1,-1,-1,-1,-1,-1,-1,-1,-1,-1,-1,101345,-1,101343,-1,-1,-1,-1,-1,-1,-1,99337,-1,97333,-1,95329,-1,93325,-1,-1,-1,89313,-1,-1,-1,-1,-1,-1,-1,-1,-1,91325,-1,85399,-1,-1,-1,-1,-1,-1,-1,-1,-1,-1,-1,71345,-1,-1,-1,-1,-1,71339,-1,69335,-1,67331,-1,-1,-1,65325,-1,67321,-1,-1,-1,61313,-1
-1,50186,50185,50184,50183,49182,-1,53196,54197,54198,-1,-1,-1,43178,44173,44172,44171,43170,-1,40168,40167,40166,40165,39164,-1,-1,-1,-1,-1,-1,-1,-1,-1,56198,56197,56196,56195,55194,-1,54188,54187,54186,54185,53184,-1,57202,58203,58204,58205,58206,58207,58208,-1,61214,62215,62216,-1,61214,-1,-1,-1,-1,-1,63220,64221,64222,-1,67228,68229,68230,-1,-1,-1,-1,-1,100344,100343,100342,100341,99340,100341,100342,100341,100340,100339,99338,-1,96332,96331,95330,-1,92324,92323,91322,-1,88312,88311,87310,-1,85308,86309,86310,86311,86312,-1,91326,-1,85400,86401,86402,86403,86404,-1,-1,-1,-1,-1,-1,-1,70344,70343,69342,-1,-1,-1,70338,70337,69336,-1,66330,66329,66328,66327,65326,66321,66320,66319,65318,-1,61312,-1
-1,-1,-1,-1,-1,49181,-1,-1,-1,-1,-1,-1,-1,-1,-1,-1,-1,43169,-1,-1,-1,-1,-1,39163,-1,-1,-1,-1,-1,-1,-1,-1,-1,57199,-1,-1,-1,55193,-1,55189,-1,55187,-1,53183,-1,-1,-1,-1,-1,-1,-1,-1,-1,-1,-1,-1,-1,61213,-1,-1,-1,-1,-1,63219,-1,65223,-1,67227,-1,69231,-1,-1,-1,-1,-1,-1,-1,-1,-1,99339,-1,-1,-1,-1,-1,-1,-1,-1,-1,-1,-1,-1,-1,91321,-1,-1,-1,87309,-1,85307,-1,-1,-1,87307,-1,91327,-1,-1,-1,-1,-1,87405,-1,-1,-1,-1,-1,-1,-1,-1,-1,69341,-1,-1,-1,-1,-1,-1,-1,67331,-1,-1,-1,-1,-1,-1,-1,65317,-1,61311,-1
-1,-1,-1,47178,48179,48180,-1,45182,46181,45180,-1,-1,-1,45176,46175,45174,-1,42168,42167,41166,-1,37160,38161,38162,-1,62212,62211,61210,-1,-1,-1,58202,58201,57200,-1,-1,-1,55192,56191,55190,56189,55188,-1,53182,54183,54184,54185,54186,-1,-1,-1,-1,-1,-1,-1,-1,-1,61212,-1,-1,-1,61216,62217,62218,-1,65224,66225,66226,-1,68248,68247,67246,-1,56220,56219,56218,56217,55216,-1,98338,98337,98336,98335,97334,-1,94328,94327,94326,94325,93324,-1,-1,-1,91320,-1,88310,88309,87308,-1,85306,-1,85304,86305,86306,-1,91328,92329,92330,-1,-1,-1,87406,-1,-1,-1,-1,-1,-1,-1,68342,68341,68340,68339,68338,68337,68336,68335,68334,68333,67332,-1,66318,66317,65316,-1,-1,-1,65316,-1,61310,-1
-1,-1,-1,47177,-1,-1,-1,45181,-1,45179,-1,-1,-1,45175,-1,45173,-1,43169,-1,41165,-1,37159,-1,-1,-1,63213,-1,61209,-1,-1,-1,59203,-1,-1,-1,-1,-1,55191,-1,-1,-1,-1,-1,53181,-1,-1,-1,55187,-1,-1,-1,-1,-1,-1,-1,-1,-1,61211,-1,-1,-1,61215,-1,-1,-1,65225,-1,67227,-1,-1,-1,67245,-1,57221,-1,-1,-1,55215,-1,-1,-1,-1,-1,97333,-1,95329,-1,-1,-1,93323,-1,-1,-1,91319,-1,89311,-1,87307,-1,85305,-1,85303,-1,-1,-1,-1,-1,93331,-1,-1,-1,87407,-1,-1,-1,-1,-1,-1,-1,69343,-1,-1,-1,69339,-1,69337,-1,69335,-1,-1,-1,67319,-1,65315,-1,-1,-1,65315,-1,61309,-1
-1,46178,46177,46176,46175,45174,-1,44180,44179,44178,44177,44176,44175,44174,44173,44172,44171,43170,-1,41164,-1,37158,-1,-1,-1,63214,-1,60208,60207,60206,60205,59204,-1,-1,-1,-1,-1,54190,54189,54188,54187,54186,54185,53180,-1,-1,-1,55188,-1,-1,-1,-1,-1,59206,60207,60208,60209,60210,60211,60212,60213,60214,-1,66228,66227,65226,-1,67228,-1,65242,66243,66244,-1,57222,58223,58224,-1,54214,54213,53212,-1,-1,-1,96332,96331,95330,-1,91320,92321,92322,-1,-1,-1,91318,-1,89312,-1,86306,86305,85304,-1,85302,-1,82296,82295,81294,-1,93332,94333,94334,-1,87408,88409,88410,-1,-1,-1,-1,-1,69344,70343,70342,70341,69340,-1,69338,-1,69336,-1,68322,68321,67320,-1,65314,-1,63312,64313,64314,-1,61308,-1
-1,47179,-1,-1,-1,45173,-1,45171,-1,-1,-1,-1,-1,-1,-1,-1,-1,-1,-1,41163,-1,37157,-1,-1,-1,63213,-1,-1,-1,61207,-1,-1,-1,-1,-1,-1,-1,-1,-1,-1,-1,-1,-1,53179,-1,-1,-1,55189,-1,-1,-1,-1,-1,59205,-1,-1,-1,-1,-1,-1,-1,-1,-1,67229,-1,-1,-1,67229,-1,65241,-1,-1,-1,-1,-1,59225,-1,-1,-1,53211,-1,-1,-1,-1,-1,-1,-1,91319,-1,-1,-1,-1,-1,91317,-1,89313,-1,-1,-1,85303,-1,85301,-1,83297,-1,81293,-1,-1,-1,95335,-1,-1,-1,89411,-1,-1,-1,-1,-1,-1,-1,-1,-1,-1,-1,69339,-1,69337,-1,69323,-1,-1,-1,65313,-1,63311,-1,-1,-1,61307,-1
-1,46188,46187,45186,-1,44172,44171,44170,44169,43168,-1,-1,-1,-1,-1,-1,-1,39160,40161,40162,-1,37156,-1,-1,-1,62212,62211,62210,62209,61208,62209,62210,-1,-1,-1,-1,-1,-1,-1,54186,54185,54184,54183,53178,-1,-1,-1,55190,-1,-1,-1,-1,-1,58204,58203,57202,58207,58208,58209,58210,-1,-1,-1,67230,68231,68232,68231,67230,-1,64240,64239,63238,-1,-1,-1,59226,-1,-1,-1,52210,52209,51208,-1,-1,-1,-1,-1,90318,90317,89316,-1,-1,-1,90316,90315,89314,-1,86304,86303,85302,-1,84300,84299,83298,-1,80292,80291,79290,-1,95336,96337,96338,-1,89412,-1,-1,-1,-1,-1,78358,78357,77356,-1,70342,70341,69340,-1,69338,-1,69324,-1,-1,-1,65312,-1,62310,62309,62308,62307,61306,-1
-1,-1,-1,45185,-1,-1,-1,-1,-1,43167,-1,-1,-1,-1,-1,-1,-1,39159,-1,-1,-1,37155,-1,-1,-1,-1,-1,-1,-1,-1,-1,63211,-1,-1,-1,-1,-1,-1,-1,55187,-1,55185,-1,53177,-1,-1,-1,55191,-1,-1,-1,-1,-1,-1,-1,57201,-1,59209,-1,59211,-1,-1,-1,-1,-1,-1,-1,-1,-1,-1,-1,63237,-1,-1,-1,59227,-1,-1,-1,-1,-1,51207,-1,-1,-1,-1,-1,-1,-1,89315,-1,-1,-1,-1,-1,-1,-1,87305,-1,85301,-1,-1,-1,-1,-1,-1,-1,79289,-1,-1,-1,97339,-1,89413,-1,-1,-1,-1,-1,79357,-1,77355,-1,71343,-1,-1,-1,69339,-1,69325,-1,-1,-1,65311,-1,-1,-1,-1,-1,61305,-1
-1,-1,-1,44184,44183,44182,44181,43180,-1,43166,-1,40160,40159,39158,-1,37156,38157,38158,38157,38156,38155,37154,-1,-1,-1,-1,-1,66220,66219,65218,-1,63212,-1,-1,-1,56192,56191,56190,56189,55188,-1,55186,-1,53176,-1,-1,-1,55192,56193,56194,56195,56196,56197,56198,56199,56200,-1,59210,60211,59212,-1,-1,-1,-1,-1,-1,-1,-1,-1,-1,-1,62236,62235,61234,-1,59228,-1,-1,-1,-1,-1,51206,-1,-1,-1,-1,-1,-1,-1,88314,88313,88312,88311,88310,88309,88308,88307,87306,-1,84300,84299,84298,84297,83296,-1,80290,80289,79288,-1,97438,98341,97340,-1,89414,-1,-1,-1,-1,-1,79356,-1,77354,-1,71344,72345,71346,-1,69340,-1,69326,70327,70328,-1,64310,64309,63308,-1,-1,-1,61304,-1
-1,-1,-1,-1,-1,-1,-1,43179,-1,43165,-1,41161,-1,39157,-1,37155,-1,-1,-1,39157,-1,37153,-1,-1,-1,-1,-1,67221,-1,65217,-1,63213,-1,-1,-1,57193,-1,-1,-1,-1,-1,55187,-1,53175,-1,-1,-1,-1,-1,-1,-1,-1,-1,-1,-1,-1,-1,-1,-1,59213,-1,-1,-1,-1,-1,-1,-1,-1,-1,-1,-1,-1,-1,61233,-1,59229,-1,-1,-1,-1,-1,51205,-1,-1,-1,-1,-1,-1,-1,-1,-1,-1,-1,89311,-1,-1,-1,-1,-1,-1,-1,85299,-1,83295,-1,81291,-1,79287,-1,97437,-1,-1,-1,89415,-1,-1,-1,-1,-1,79355,-1,77353,-1,-1,-1,71345,-1,69341,-1,-1,-1,71329,-1,-1,-1,63307,-1,-1,-1,61303,-1
-1,41172,42173,42174,42175,42176,42177,42178,-1,42164,42163,41162,-1,39156,-1,37154,-1,39160,40159,39158,-1,36152,36151,36150,36149,35148,-1,67222,-1,64216,64215,63214,-1,-1,-1,57194,-1,59200,60201,60202,-1,55188,-1,52174,52173,51172,-1,49170,50171,50172,-1,-1,-1,48188,48187,48186,48185,47184,-1,59214,60215,60216,60217,60218,60219,60220,60221,60222,-1,-1,-1,-1,-1,60232,60231,59230,-1,-1,-1,-1,-1,50204,50203,50202,50201,50200,50199,49198,-1,-1,-1,-1,-1,89312,90313,90314,-1,86304,86303,86302,86301,85300,-1,82294,82293,81292,-1,79286,-1,97436,-1,-1,-1,89416,90417,90418,-1,-1,-1,79354,-1,77352,-1,-1,-1,70344,70343,69342,-1,-1,-1,71330,72331,72332,-1,63306,-1,-1,-1,61302,-1
-1,41171,-1,-1,-1,-1,-1,-1,-1,-1,-1,-1,-1,39155,-1,37153,-1,39159,-1,-1,-1,37153,-1,-1,-1,35147,-1,67223,-1,-1,-1,-1,-1,-1,-1,57195,-1,59199,-1,61203,-1,55189,-1,-1,-1,51171,-1,49169,-1,51173,-1,-1,-1,49189,-1,-1,-1,47183,-1,-1,-1,-1,-1,-1,-1,-1,-1,61223,-1,-1,-1,-1,-1,-1,-1,-1,-1,-1,-1,-1,-1,-1,-1,-1,-1,-1,-1,49197,-1,-1,-1,-1,-1,-1,-1,91315,-1,87305,-1,-1,-1,-1,-1,-1,-1,-1,-1,79285,-1,97435,-1,-1,-1,-1,-1,91419,-1,-1,-1,79353,-1,77351,-1,-1,-1,71345,-1,-1,-1,-1,-1,-1,-1,73333,-1,63305,-1,-1,-1,61301,-1
-1,41170,-1,-1,-1,-1,-1,-1,-1,-1,-1,-1,-1,38154,38153,37152,-1,38158,38157,38156,38155,37154,-1,-1,-1,35146,-1,67224,-1,69230,70231,70232,70233,70234,-1,57196,58197,58198,-1,61204,-1,55190,56191,56192,-1,50170,50169,49168,-1,51174,-1,-1,-1,49190,-1,-1,-1,46182,46181,46180,46179,46178,46177,45176,-1,62226,62225,61224,-1,60218,60217,60216,60215,59214,60215,60216,-1,-1,-1,-1,-1,-1,-1,-1,-1,-1,-1,49196,-1,-1,-1,-1,-1,-1,-1,91316,-1,87306,88307,88308,-1,75274,76275,76276,76277,76278,-1,79284,-1,96434,96433,95432,-1,92422,92421,91420,-1,77350,78351,78352,-1,77350,-1,-1,-1,71346,-1,-1,-1,-1,-1,-1,-1,73334,-1,63304,-1,-1,-1,61300,-1
-1,41169,-1,-1,-1,-1,-1,-1,-1,-1,-1,-1,-1,-1,-1,37151,-1,-1,-1,-1,-1,-1,-1,-1,-1,35145,-1,67225,-1,69229,-1,-1,-1,71235,-1,-1,-1,-1,-1,61205,-1,-1,-1,57193,-1,-1,-1,49167,-1,51175,-1,-1,-1,49191,-1,-1,-1,-1,-1,-1,-1,-1,-1,45175,-1,63227,-1,-1,-1,61219,-1,-1,-1,59213,-1,61215,-1,-1,-1,-1,-1,-1,-1,-1,-1,-1,-1,49195,-1,-1,-1,-1,-1,-1,-1,91317,-1,-1,-1,89309,-1,75273,-1,-1,-1,77279,-1,79283,-1,97435,-1,95431,-1,93423,-1,-1,-1,77349,-1,-1,-1,77349,-1,-1,-1,71347,-1,-1,-1,-1,-1,-1,-1,73335,-1,63303,-1,-1,-1,61299,-1
-1,41168,-1,-1,-1,38152,38151,38150,38149,37148,-1,-1,-1,-1,-1,36150,36149,35148,-1,-1,-1,-1,-1,-1,-1,35144,-1,67226,68227,68228,-1,-1,-1,71236,-1,62210,62209,62208,62207,61206,-1,58196,58195,57194,-1,47164,48165,48166,-1,51176,-1,-1,-1,49192,-1,-1,-1,47180,48181,48182,-1,46176,46175,45174,-1,63228,-1,62222,62221,61220,-1,-1,-1,59212,60213,60214,-1,-1,-1,-1,-1,-1,-1,-1,-1,-1,-1,49194,50195,50196,50197,50198,-1,-1,-1,91318,92317,91316,-1,89310,-1,75272,-1,-1,-1,77280,78281,78282,-1,97436,-1,95430,-1,93424,-1,76350,76349,76348,76347,75346,76347,76348,-1,-1,-1,71348,72349,72350,72351,72352,-1,74338,74337,73336,-1,62302,62301,62300,62299,61298,-1
-1,41167,-1,-1,-1,39153,-1,-1,-1,37147,-1,-1,-1,-1,-1,-1,-1,35147,-1,-1,-1,-1,-1,-1,-1,35143,-1,-1,-1,-1,-1,-1,-1,71237,-1,63211,-1,-1,-1,-1,-1,59197,-1,-1,-1,47163,-1,-1,-1,51177,-1,-1,-1,49193,-1,-1,-1,47179,-1,49181,-1,47177,-1,45173,-1,63229,-1,63223,-1,-1,-1,-1,-1,59211,-1,-1,-1,-1,-1,-1,-1,-1,-1,-1,-1,-1,-1,49193,-1,51195,-1,51199,-1,-1,-1,-1,-1,91315,-1,89311,-1,75271,-1,-1,-1,-1,-1,-1,-1,97437,-1,95429,-1,93425,-1,77351,-1,-1,-1,75345,-1,-1,-1,-1,-1,-1,-1,-1,-1,73353,-1,75339,-1,-1,-1,-1,-1,-1,-1,61297,-1
-1,41166,-1,-1,-1,39154,-1,-1,-1,37146,-1,-1,-1,-1,-1,-1,-1,35146,-1,33136,34137,34138,34139,34140,34141,34142,-1,69232,70233,70234,-1,72240,72239,71238,-1,63212,-1,62206,62205,61204,-1,59198,-1,45160,46161,46162,-1,-1,-1,50198,50197,50196,50195,49194,-1,45176,46177,46178,-1,48180,48179,47178,-1,45172,-1,63230,64225,63224,-1,57206,58207,58208,58209,58210,-1,-1,-1,-1,-1,-1,-1,-1,-1,-1,-1,-1,-1,49192,-1,51194,-1,51200,52201,52202,-1,-1,-1,90314,90313,89312,-1,74270,74269,73268,-1,-1,-1,98440,98439,97438,-1,94428,94427,93426,-1,77352,-1,-1,-1,74344,74343,74342,74341,74340,74339,74338,74337,73336,-1,73354,74355,74356,-1,62302,62301,62300,62299,62298,62297,61296,-1
-1,41165,-1,-1,-1,39155,-1,-1,-1,37145,-1,-1,-1,-1,-1,-1,-1,35145,-1,33135,-1,-1,-1,-1,-1,-1,-1,69231,-1,71235,-1,73239,-1,-1,-1,63213,-1,63207,-1,61203,-1,59199,-1,45159,-1,-1,-1,-1,-1,-1,-1,-1,-1,-1,-1,45175,-1,-1,-1,-1,-1,-1,-1,45171,-1,-1,-1,-1,-1,57205,-1,-1,-1,-1,-1,-1,-1,-1,-1,-1,-1,-1,-1,-1,-1,-1,-1,49191,-1,51193,-1,-1,-1,53203,-1,-1,-1,-1,-1,-1,-1,-1,-1,73267,-1,-1,-1,99441,-1,-1,-1,-1,-1,-1,-1,77353,-1,-1,-1,-1,-1,-1,-1,-1,-1,-1,-1,73335,-1,-1,-1,-1,-1,63303,-1,-1,-1,-1,-1,61295,-1
-1,41164,-1,-1,-1,39156,-1,-1,-1,36144,36143,35142,-1,-1,-1,-1,-1,35144,-1,32134,32133,31132,-1,-1,-1,-1,-1,69230,-1,71236,72237,72238,-1,-1,-1,63214,-1,63208,-1,60202,60201,59200,-1,45158,-1,-1,-1,-1,-1,-1,-1,-1,-1,-1,-1,45174,-1,-1,-1,-1,-1,43168,44169,44170,-1,51192,52193,52194,-1,56204,56203,55202,-1,-1,-1,-1,-1,-1,-1,-1,-1,-1,-1,-1,-1,47188,48189,48190,-1,51192,-1,-1,-1,53204,-1,-1,-1,-1,-1,65250,66251,66252,-1,72266,72265,71264,-1,99442,-1,82364,82363,81362,-1,78356,78355,77354,78355,78356,-1,-1,-1,71336,72337,72338,72337,71336,-1,72334,72333,71332,-1,64306,64305,63304,-1,-1,-1,-1,-1,61294,-1
-1,41163,-1,-1,-1,39157,-1,-1,-1,-1,-1,35141,-1,-1,-1,-1,-1,35143,-1,-1,-1,31131,-1,-1,-1,-1,-1,69229,-1,-1,-1,-1,-1,-1,-1,63215,-1,63209,-1,-1,-1,-1,-1,45157,-1,-1,-1,-1,-1,-1,-1,-1,-1,-1,-1,45173,-1,-1,-1,-1,-1,43167,-1,-1,-1,51191,-1,53195,-1,-1,-1,55201,-1,-1,-1,-1,-1,-1,-1,-1,-1,-1,-1,-1,-1,47187,-1,49191,-1,51191,-1,-1,-1,53205,-1,-1,-1,-1,-1,65249,-1,67253,-1,-1,-1,71263,-1,99443,-1,83365,-1,81361,-1,79357,-1,-1,-1,79357,-1,-1,-1,71335,-1,-1,-1,71335,-1,-1,-1,71331,-1,65307,-1,-1,-1,-1,-1,-1,-1,61293,-1
-1,40162,40161,40160,40159,39158,-1,-1,-1,33138,34139,34140,-1,29130,30131,30132,-1,34142,34141,33140,-1,31130,32129,31128,-1,-1,-1,68228,68227,67226,-1,-1,-1,64218,64217,63216,-1,63210,-1,-1,-1,43154,44155,44156,-1,47162,48163,48164,48165,48166,-1,50188,50187,49186,-1,45172,46171,45170,-1,-1,-1,42166,42165,41164,-1,51190,-1,53196,54197,54198,54199,54200,-1,-1,-1,-1,-1,-1,-1,45180,46181,46182,46183,46184,46185,46186,-1,49192,50191,50190,50189,49188,-1,53206,-1,55212,56213,56214,-1,65248,-1,67254,-1,69260,70261,70262,-1,99444,-1,83366,-1,80360,80359,79358,-1,80360,80359,79358,-1,-1,-1,70334,70333,69332,70333,70334,-1,69328,70329,70330,-1,65308,-1,-1,-1,-1,-1,-1,-1,61292,-1
-1,-1,-1,-1,-1,-1,-1,-1,-1,33137,-1,-1,-1,29129,-1,31133,-1,-1,-1,33139,-1,31129,-1,31127,-1,-1,-1,-1,-1,67225,-1,-1,-1,65219,-1,-1,-1,63211,-1,-1,-1,43153,-1,-1,-1,47161,-1,-1,-1,49167,-1,51171,-1,49185,-1,45171,-1,45169,-1,-1,-1,-1,-1,41163,-1,51189,-1,-1,-1,-1,-1,-1,-1,-1,-1,-1,-1,-1,-1,45179,-1,-1,-1,-1,-1,-1,-1,-1,-1,-1,-1,49187,-1,53207,-1,55211,-1,57215,-1,65247,-1,67255,-1,69259,-1,-1,-1,99445,-1,83367,-1,-1,-1,-1,-1,81361,-1,-1,-1,-1,-1,71335,-1,69331,-1,-1,-1,69327,-1,-1,-1,65309,-1,-1,-1,-1,-1,-1,-1,61291,-1
-1,-1,-1,-1,-1,25120,26121,26122,-1,32136,32135,31134,-1,29128,-1,31134,32135,32136,32137,32138,-1,31128,-1,31126,-1,-1,-1,-1,-1,66224,66223,65222,66221,65220,-1,-1,-1,63212,-1,41150,42151,42152,-1,-1,-1,46160,46159,45158,-1,49168,50169,50170,-1,49184,-1,45170,-1,45168,-1,-1,-1,-1,-1,41162,-1,50188,50187,50186,50185,50184,50183,50182,50181,50180,50179,50178,50177,49176,-1,45178,-1,-1,-1,-1,-1,45176,46177,46178,46179,46180,-1,49186,-1,53208,54209,54210,-1,57216,-1,65246,-1,67256,68257,68258,-1,100448,100447,99446,-1,83368,84369,84370,-1,-1,-1,81362,-1,-1,-1,69334,70335,70336,-1,69330,-1,-1,-1,69326,-1,-1,-1,65310,66311,66312,66313,66314,-1,59288,60289,60290,-1
-1,-1,-1,-1,-1,25119,-1,27123,-1,-1,-1,31133,-1,29127,-1,-1,-1,-1,-1,-1,-1,31127,-1,31125,-1,-1,-1,-1,-1,-1,-1,65221,-1,-1,-1,-1,-1,63213,-1,41149,-1,-1,-1,-1,-1,-1,-1,45157,-1,-1,-1,-1,-1,49183,-1,45169,-1,45167,-1,-1,-1,-1,-1,41161,-1,-1,-1,-1,-1,-1,-1,-1,-1,-1,-1,-1,-1,49175,-1,45177,-1,-1,-1,-1,-1,45175,-1,-1,-1,47181,-1,49185,-1,-1,-1,-1,-1,57217,-1,65245,-1,-1,-1,-1,-1,101449,-1,-1,-1,83369,-1,85371,-1,-1,-1,81363,-1,-1,-1,69333,-1,-1,-1,69329,-1,-1,-1,69325,-1,-1,-1,-1,-1,-1,-1,67315,-1,59287,-1,-1,-1
-1,23118,24117,23116,24117,24118,-1,27124,28125,28126,-1,31132,-1,29126,-1,29120,30121,30122,30123,30124,30125,30126,-1,31124,-1,-1,-1,-1,-1,-1,-1,64220,64219,64218,64217,64216,64215,63214,-1,41148,42151,41150,-1,-1,-1,43154,44155,44156,-1,41154,42155,42156,-1,49182,-1,44168,44167,44166,44165,43164,-1,-1,-1,40160,40159,40158,40157,39156,-1,-1,-1,-1,-1,45166,46167,46168,-1,49174,-1,44176,44175,44174,44173,43172,44173,44174,-1,-1,-1,47182,48183,48184,-1,58222,58221,58220,58219,57218,-1,65244,-1,102454,102453,102452,102451,101450,-1,-1,-1,83370,84371,84372,-1,-1,-1,81364,82365,82366,-1,68332,68331,68330,68329,68328,68327,68326,68325,68324,68323,68322,68321,68320,68319,68318,68317,67316,-1,58286,58285,57284,-1
-1,23117,-1,23115,-1,-1,-1,-1,-1,29127,-1,31131,-1,29125,-1,29119,-1,-1,-1,-1,-1,-1,-1,31123,-1,-1,-1,-1,-1,-1,-1,-1,-1,-1,-1,-1,-1,-1,-1,41147,-1,41149,-1,-1,-1,43153,-1,-1,-1,41153,-1,43157,-1,49181,-1,-1,-1,-1,-1,43163,-1,-1,-1,-1,-1,41157,-1,39155,-1,-1,-1,-1,-1,45165,-1,47169,-1,49173,-1,-1,-1,-1,-1,43171,-1,-1,-1,-1,-1,47183,-1,49185,-1,59223,-1,-1,-1,-1,-1,65243,-1,103455,-1,-1,-1,-1,-1,-1,-1,-1,-1,-1,-1,-1,-1,-1,-1,83367,-1,-1,-1,-1,-1,-1,-1,-1,-1,-1,-1,-1,-1,-1,-1,-1,-1,-1,-1,-1,-1,57283,-1
-1,23116,-1,23114,24115,24116,24117,24118,-1,29128,30129,30130,-1,29124,-1,29118,-1,-1,-1,-1,-1,-1,-1,31122,-1,-1,-1,-1,-1,-1,-1,-1,-1,-1,-1,39142,40143,40144,40145,40146,40147,40148,-1,-1,-1,42152,42151,41150,-1,41152,-1,43158,-1,48180,48179,48178,48177,47176,-1,42162,42161,42160,42159,42158,42157,41156,-1,39154,-1,-1,-1,43162,44163,44164,-1,47170,48171,48172,-1,-1,-1,-1,-1,43170,-1,45176,46177,46178,-1,47184,48185,48186,-1,59224,-1,-1,-1,63240,64241,64242,-1,103456,-1,-1,-1,-1,-1,-1,-1,-1,-1,94410,94409,93408,-1,-1,-1,83368,-1,85374,86375,86376,86377,86378,86379,86380,86381,86382,86383,86384,-1,-1,-1,-1,-1,55278,56279,56280,56281,56282,-1
-1,23115,-1,23113,-1,-1,-1,25117,-1,-1,-1,-1,-1,29123,-1,29117,-1,-1,-1,-1,-1,-1,-1,31121,-1,-1,-1,-1,-1,-1,-1,-1,-1,-1,-1,39141,-1,-1,-1,-1,-1,-1,-1,-1,-1,-1,-1,41149,-1,41151,-1,43159,-1,-1,-1,-1,-1,47175,-1,-1,-1,-1,-1,-1,-1,41155,-1,39153,-1,-1,-1,43161,-1,-1,-1,-1,-1,-1,-1,-1,-1,-1,-1,43169,-1,45175,-1,47179,-1,-1,-1,-1,-1,59225,-1,-1,-1,63239,-1,-1,-1,103457,-1,-1,-1,-1,-1,-1,-1,-1,-1,95411,-1,93407,-1,-1,-1,83369,-1,85373,-1,-1,-1,-1,-1,-1,-1,-1,-1,87385,-1,-1,-1,-1,-1,55277,-1,-1,-1,-1,-1
-1,23114,-1,23112,24113,24114,24115,24116,-1,-1,-1,-1,-1,29122,-1,28116,28115,27114,-1,-1,-1,29118,30119,30120,-1,-1,-1,33128,34129,34130,-1,37136,38137,38138,38139,38140,-1,40146,40145,40144,40143,39142,40143,40144,40145,40146,40147,40148,40149,40150,-1,43160,44161,44162,-1,45172,46173,46174,-1,-1,-1,42158,42157,41156,-1,41154,-1,39152,-1,41158,42159,42160,-1,41158,42159,42160,42161,42162,42163,42164,42165,42166,42167,42168,-1,45174,-1,47180,48181,47202,-1,60228,60227,59226,-1,-1,-1,63238,-1,-1,-1,103458,-1,-1,-1,-1,-1,-1,-1,-1,-1,95412,-1,92406,92405,91404,-1,83370,84371,84372,-1,88394,88393,88392,88391,88390,88389,88388,88387,87386,-1,-1,-1,-1,-1,54276,54275,53274,-1,-1,-1
-1,23113,-1,23111,-1,-1,-1,-1,-1,-1,-1,-1,-1,29121,-1,29117,-1,27113,-1,-1,-1,29117,-1,-1,-1,-1,-1,33127,-1,35131,-1,37135,-1,-1,-1,-1,-1,41147,-1,-1,-1,39141,-1,-1,-1,41147,-1,-1,-1,-1,-1,-1,-1,45161,-1,45171,-1,-1,-1,-1,-1,43159,-1,41155,-1,41153,-1,39151,-1,41157,-1,-1,-1,41157,-1,-1,-1,-1,-1,-1,-1,-1,-1,-1,-1,45173,-1,-1,-1,47201,-1,61229,-1,-1,-1,-1,-1,63237,-1,-1,-1,103459,-1,-1,-1,-1,-1,-1,-1,-1,-1,95413,-1,-1,-1,91403,-1,-1,-1,-1,-1,89395,-1,-1,-1,-1,-1,-1,-1,-1,-1,-1,-1,-1,-1,-1,-1,53273,-1,-1,-1
-1,23112,-1,23110,-1,-1,-1,27114,28115,28116,28117,28118,28119,28120,28121,28122,-1,27112,28113,28114,28115,28116,-1,-1,-1,31124,32125,32126,-1,35132,36133,36134,-1,-1,-1,42150,42149,41148,-1,37138,38139,38140,-1,-1,-1,41148,42149,42150,42151,42152,-1,-1,-1,45160,-1,45170,-1,-1,-1,-1,-1,43160,-1,41154,-1,41152,-1,39150,-1,41156,-1,-1,-1,41156,-1,-1,-1,-1,-1,43166,44167,44168,44169,44170,44171,44172,-1,45198,46199,46200,-1,61230,62231,62232,62233,62234,62235,62236,-1,-1,-1,103460,104461,104462,-1,-1,-1,-1,-1,-1,-1,95414,-1,-1,-1,90402,90401,90400,90399,90398,90397,89396,-1,60294,60293,59292,-1,-1,-1,-1,-1,-1,-1,54276,54275,54274,54273,53272,-1,-1,-1
-1,23111,-1,23109,-1,-1,-1,27113,-1,-1,-1,-1,-1,-1,-1,-1,-1,27111,-1,29115,-1,-1,-1,-1,-1,31123,-1,-1,-1,-1,-1,-1,-1,-1,-1,43151,-1,41149,-1,37137,-1,-1,-1,-1,-1,-1,-1,-1,-1,43153,-1,-1,-1,45159,-1,45169,-1,-1,-1,-1,-1,43161,-1,41153,-1,41151,-1,39149,-1,41155,-1,-1,-1,41155,-1,-1,-1,-1,-1,43165,-1,-1,-1,-1,-1,-1,-1,45197,-1,-1,-1,-1,-1,-1,-1,-1,-1,-1,-1,-1,-1,-1,-1,105463,-1,-1,-1,-1,-1,-1,-1,95415,-1,-1,-1,-1,-1,-1,-1,-1,-1,-1,-1,61261,-1,59291,-1,-1,-1,-1,-1,-1,-1,55277,-1,-1,-1,53271,-1,-1,-1
-1,23110,-1,22108,22107,21106,-1,26112,26111,26110,26109,26108,26107,25106,26107,26108,26109,26110,-1,29116,30117,30118,30119,30120,30121,30122,-1,-1,-1,-1,-1,-1,-1,-1,-1,43152,-1,41150,-1,36136,36135,36134,36133,35132,-1,32126,32125,31124,-1,43154,44155,44156,44157,44158,-1,44168,44167,44166,44165,44164,44163,43162,-1,41152,-1,40150,40149,39148,-1,40154,40153,39152,40153,40154,-1,-1,-1,-1,-1,43164,44165,44166,-1,42188,42187,41186,-1,45196,-1,-1,-1,53216,54217,54218,54219,54220,54221,54222,-1,106468,106467,106466,106465,105464,-1,-1,-1,-1,-1,-1,-1,95416,-1,-1,-1,-1,-1,56250,56249,56248,56247,55246,-1,61260,-1,58290,58289,57288,-1,57286,58285,57284,-1,55278,-1,-1,-1,53270,-1,-1,-1
-1,23109,-1,-1,-1,21105,-1,-1,-1,-1,-1,-1,-1,25105,-1,27113,-1,-1,-1,29117,-1,-1,-1,-1,-1,-1,-1,-1,-1,-1,-1,-1,-1,-1,-1,43153,-1,41151,-1,-1,-1,-1,-1,35131,-1,33127,-1,31123,-1,-1,-1,-1,-1,-1,-1,-1,-1,-1,-1,-1,-1,-1,-1,41151,-1,-1,-1,39147,-1,41153,-1,39151,-1,-1,-1,-1,-1,-1,-1,43163,-1,45165,-1,43187,-1,41185,-1,45195,-1,-1,-1,53215,-1,-1,-1,-1,-1,55223,-1,107469,-1,107453,-1,-1,-1,-1,-1,-1,-1,-1,-1,95417,-1,-1,-1,-1,-1,57251,-1,-1,-1,55245,-1,61259,-1,-1,-1,57287,-1,57285,-1,57283,-1,55279,-1,-1,-1,53269,-1,-1,-1
-1,23108,-1,-1,-1,21104,22103,22102,22101,21100,-1,23102,24103,24104,-1,26114,26113,25112,-1,29118,30119,30120,-1,-1,-1,-1,-1,-1,-1,-1,-1,-1,-1,-1,-1,42154,42153,41152,-1,-1,-1,-1,-1,34130,34129,33128,-1,31122,-1,-1,-1,-1,-1,-1,-1,-1,-1,-1,-1,-1,-1,-1,-1,40150,40149,40148,40147,39146,-1,40152,40151,39150,-1,-1,-1,-1,-1,44164,44163,43162,44163,44164,-1,43186,-1,41184,-1,44194,44193,43192,-1,53214,-1,55216,56217,55218,-1,55224,-1,107470,108453,107452,-1,-1,-1,-1,-1,-1,-1,-1,-1,95418,96419,96420,-1,58254,58253,57252,-1,53242,54243,54244,-1,60258,60257,59256,-1,56286,56285,56284,56283,56282,56281,55280,-1,51266,52267,52268,-1,-1,-1
-1,23107,-1,-1,-1,21103,-1,-1,-1,21099,-1,23101,-1,-1,-1,27105,-1,25111,-1,-1,-1,31121,-1,-1,-1,-1,-1,-1,-1,-1,-1,-1,-1,-1,-1,-1,-1,-1,-1,-1,-1,-1,-1,-1,-1,-1,-1,31121,-1,-1,-1,-1,-1,-1,-1,-1,-1,-1,-1,-1,-1,-1,-1,-1,-1,-1,-1,39145,-1,-1,-1,39149,-1,-1,-1,-1,-1,45163,-1,43161,-1,-1,-1,43185,-1,41183,-1,-1,-1,43191,-1,53213,-1,55215,-1,55217,-1,55225,-1,-1,-1,107451,-1,-1,-1,-1,-1,-1,-1,-1,-1,-1,-1,97421,-1,59253,-1,-1,-1,53241,-1,55245,-1,-1,-1,59255,-1,-1,-1,-1,-1,-1,-1,-1,-1,51265,-1,53269,-1,-1,-1
-1,22106,22105,22104,22103,21102,-1,-1,-1,21098,-1,23100,-1,25102,26103,26104,-1,25110,26109,25108,-1,31122,32123,32124,-1,-1,-1,-1,-1,-1,-1,32128,32127,31126,-1,-1,-1,25094,26095,26096,-1,29114,30115,30116,30117,30118,30119,30120,-1,-1,-1,-1,-1,-1,-1,-1,-1,-1,-1,-1,-1,-1,-1,-1,-1,-1,-1,39144,-1,-1,-1,39148,-1,-1,-1,-1,-1,44162,44161,43160,-1,41182,42183,42184,-1,41182,42183,41184,-1,43190,-1,53212,-1,55214,-1,55216,56217,55226,-1,105448,106449,106450,-1,-1,-1,-1,-1,-1,-1,98426,98425,98424,98423,97422,-1,58252,58251,57250,-1,53240,-1,55246,-1,57252,58253,58254,-1,-1,-1,-1,-1,-1,-1,49262,50263,50264,-1,53270,54241,53240,-1
-1,-1,-1,23105,-1,21101,-1,-1,-1,21097,-1,23099,-1,25101,-1,-1,-1,25109,-1,25107,-1,-1,-1,33125,-1,-1,-1,-1,-1,-1,-1,33129,-1,31125,-1,-1,-1,25093,-1,27097,-1,29113,-1,-1,-1,-1,-1,-1,-1,-1,-1,-1,-1,-1,-1,-1,-1,-1,-1,-1,-1,-1,-1,-1,-1,-1,-1,39143,-1,-1,-1,39147,-1,-1,-1,-1,-1,-1,-1,43159,-1,41181,-1,-1,-1,41181,-1,41183,-1,43189,-1,53211,-1,55213,-1,55215,-1,-1,-1,105447,-1,-1,-1,-1,-1,-1,-1,-1,-1,99427,-1,-1,-1,-1,-1,-1,-1,57249,-1,53239,-1,55247,-1,57251,-1,-1,-1,-1,-1,-1,-1,-1,-1,49261,-1,51265,-1,53269,-1,53239,-1
-1,21104,22105,22106,-1,21100,-1,22098,22097,21096,22097,22098,-1,24100,24099,23098,-1,25108,-1,25106,-1,-1,-1,33126,34127,34128,34129,34130,-1,-1,-1,33130,-1,31124,32125,32126,-1,25092,-1,27098,-1,29112,-1,-1,-1,-1,-1,-1,-1,31116,32117,32118,-1,35124,36125,36126,-1,-1,-1,-1,-1,-1,-1,-1,-1,-1,-1,39142,-1,-1,-1,39146,-1,39148,40149,40150,-1,-1,-1,43158,-1,40180,40179,39178,40179,40180,40181,40182,-1,43188,-1,53210,54211,54212,-1,55214,-1,103444,104445,104446,-1,100436,100435,100434,100433,100432,100431,100430,100429,99428,-1,-1,-1,55244,56245,56246,56247,56248,-1,53238,-1,55248,56249,56250,-1,49224,50225,50226,50227,50228,50229,50230,-1,49260,-1,51266,52267,52268,-1,53238,-1
-1,21103,-1,-1,-1,21099,-1,23099,-1,21095,-1,-1,-1,25101,-1,23097,-1,25107,-1,25105,-1,-1,-1,-1,-1,-1,-1,35131,-1,-1,-1,33131,-1,31123,-1,33125,-1,25091,-1,27099,-1,29111,-1,-1,-1,-1,-1,-1,-1,31115,-1,33117,-1,35123,-1,37127,-1,-1,-1,-1,-1,-1,-1,-1,-1,-1,-1,39141,-1,-1,-1,39145,-1,39147,-1,41151,-1,-1,-1,43157,-1,-1,-1,39177,-1,-1,-1,-1,-1,43187,-1,53209,-1,-1,-1,55213,-1,103443,-1,-1,-1,101437,-1,-1,-1,-1,-1,-1,-1,-1,-1,-1,-1,55243,-1,-1,-1,-1,-1,53237,-1,-1,-1,-1,-1,49223,-1,-1,-1,-1,-1,51231,-1,49259,-1,-1,-1,-1,-1,53237,-1
-1,21102,-1,22100,22099,21098,-1,23100,-1,21094,-1,23100,24101,24102,-1,23096,-1,25106,-1,24104,24103,24102,24101,24100,24099,23098,-1,34136,34135,34134,34133,33132,-1,31122,32123,32124,-1,25090,-1,27100,-1,29110,-1,-1,-1,-1,-1,-1,-1,31114,32115,32116,-1,35122,-1,37128,38129,38130,38131,38132,-1,38138,38137,37136,38137,38138,38139,38140,38141,38142,38143,38144,-1,39146,-1,41152,42153,42154,42155,42156,-1,-1,-1,39176,40177,40178,40179,40180,-1,43186,-1,53208,-1,53210,54211,54212,-1,102442,102441,102440,102439,101438,-1,-1,-1,-1,-1,-1,-1,-1,-1,-1,-1,54242,54241,54240,54239,54238,54237,53236,-1,-1,-1,-1,-1,49222,-1,-1,-1,-1,-1,51232,-1,49258,-1,51260,52261,52262,52263,52264,-1
-1,21101,-1,23099,-1,21097,-1,23099,-1,21093,-1,23099,-1,-1,-1,23095,-1,25105,-1,-1,-1,-1,-1,-1,-1,23097,-1,-1,-1,-1,-1,-1,-1,31121,-1,-1,-1,25089,-1,27101,-1,29109,-1,-1,-1,-1,-1,-1,-1,31113,-1,33117,-1,35121,-1,-1,-1,-1,-1,39133,-1,39139,-1,37135,-1,-1,-1,-1,-1,-1,-1,39143,-1,39145,-1,-1,-1,-1,-1,-1,-1,-1,-1,39175,-1,-1,-1,41181,-1,43185,-1,53207,-1,53209,-1,-1,-1,-1,-1,-1,-1,-1,-1,-1,-1,-1,-1,-1,-1,-1,-1,-1,-1,-1,-1,-1,-1,-1,-1,53235,-1,-1,-1,-1,-1,49221,-1,-1,-1,-1,-1,51233,-1,49257,-1,51259,-1,-1,-1,53235,-1
-1,21100,-1,22098,22097,21096,22097,22098,22097,21092,-1,23098,-1,21092,22093,22094,-1,24104,24103,24102,24101,23100,-1,-1,-1,23096,-1,29114,30115,30116,30117,30118,30119,30120,-1,23086,24087,24088,-1,27102,-1,29108,-1,-1,-1,36116,36115,35114,-1,31112,-1,33118,34119,34120,-1,-1,-1,-1,-1,39134,40135,39140,-1,37134,38135,38136,38137,38138,38139,38140,38141,38142,38143,38144,38145,38146,38147,38148,38149,37166,38151,37168,-1,39174,-1,-1,-1,41182,42183,42184,-1,53206,-1,52208,52207,51206,-1,-1,-1,48198,48197,48196,48195,47194,-1,51220,52221,52222,52223,52224,52225,52226,52225,51224,-1,-1,-1,-1,-1,53234,-1,-1,-1,-1,-1,49220,-1,51222,52223,52224,52225,51234,-1,49256,-1,51258,-1,51232,52233,52234,-1
-1,21099,-1,23097,-1,21095,-1,-1,-1,21091,-1,23097,-1,21091,-1,-1,-1,-1,-1,-1,-1,23099,-1,-1,-1,23095,-1,29113,-1,-1,-1,-1,-1,-1,-1,23085,-1,-1,-1,27103,-1,29107,-1,-1,-1,37117,-1,35113,-1,31111,-1,-1,-1,-1,-1,-1,-1,-1,-1,-1,-1,-1,-1,37133,-1,-1,-1,39139,-1,-1,-1,-1,-1,-1,-1,-1,-1,-1,-1,37165,-1,37167,-1,39173,-1,-1,-1,-1,-1,-1,-1,53205,-1,-1,-1,51205,-1,-1,-1,49199,-1,-1,-1,47193,-1,51219,-1,-1,-1,-1,-1,-1,-1,51223,-1,-1,-1,-1,-1,53233,-1,-1,-1,-1,-1,49219,-1,51221,-1,-1,-1,-1,-1,49255,-1,51257,-1,51231,-1,-1,-1
-1,21098,22097,22096,22095,21094,-1,22096,22095,21090,22095,22096,-1,21090,-1,19084,20085,20086,-1,-1,-1,23098,-1,21092,22093,22094,-1,28112,28111,28110,28109,27108,-1,21082,22083,22084,-1,-1,-1,27104,28105,28106,-1,-1,-1,37118,-1,35112,-1,31110,-1,-1,-1,-1,-1,38140,38139,38138,38137,38136,38135,38134,38133,37132,-1,-1,-1,38168,38167,37166,-1,-1,-1,-1,-1,-1,-1,35162,36163,36164,36165,36166,-1,39172,-1,45182,46183,46184,46185,46186,-1,53204,-1,-1,-1,50204,50203,50202,50201,49200,-1,-1,-1,47192,-1,50218,50217,49216,50217,50218,50219,50220,50221,50222,50223,50224,50225,50226,-1,53232,-1,-1,-1,-1,-1,49218,-1,51220,-1,50258,50257,50256,50255,49254,50255,50256,-1,51230,-1,-1,-1
-1,21097,-1,-1,-1,21093,-1,23095,-1,21089,-1,-1,-1,21089,-1,19083,-1,21087,-1,-1,-1,23097,-1,21091,-1,-1,-1,-1,-1,-1,-1,27107,-1,21081,-1,23085,-1,-1,-1,-1,-1,-1,-1,-1,-1,37119,-1,35111,-1,31109,-1,-1,-1,-1,-1,39141,-1,-1,-1,-1,-1,-1,-1,37131,-1,-1,-1,-1,-1,37165,-1,-1,-1,-1,-1,-1,-1,35161,-1,-1,-1,-1,-1,39171,-1,45181,-1,-1,-1,47187,-1,53203,-1,-1,-1,-1,-1,-1,-1,-1,-1,-1,-1,47191,-1,51219,-1,49215,-1,-1,-1,-1,-1,-1,-1,-1,-1,51227,-1,53231,-1,-1,-1,-1,-1,49217,-1,51219,-1,51221,-1,-1,-1,49253,-1,-1,-1,51229,-1,-1,-1
-1,21096,22095,22094,22093,21092,-1,22094,22093,21088,-1,-1,-1,21088,-1,19082,-1,21088,-1,-1,-1,23096,-1,21090,-1,23092,24093,24094,-1,-1,-1,27106,-1,21080,-1,23086,-1,-1,-1,31114,32115,32116,-1,35122,36123,36124,-1,35110,-1,31108,-1,-1,-1,40144,40143,39142,-1,-1,-1,-1,-1,-1,-1,37130,-1,-1,-1,-1,-1,36164,36163,36162,36161,35160,-1,-1,-1,35160,-1,-1,-1,37168,38169,38170,-1,45180,-1,48190,48189,47188,-1,52202,52201,51200,-1,-1,-1,-1,-1,48194,48193,48192,48191,47190,-1,51220,-1,48214,48213,48212,48211,48210,48209,48208,48207,47206,-1,51228,52229,52230,-1,-1,-1,-1,-1,49216,50217,50218,50219,50220,50221,50222,50223,49252,50225,50226,50227,50228,50229,49258,-1
-1,21095,-1,-1,-1,21091,-1,-1,-1,21087,-1,-1,-1,21087,-1,19081,-1,21089,-1,-1,-1,23095,-1,21089,-1,23091,-1,25095,-1,-1,-1,27105,-1,21079,-1,23087,-1,-1,-1,31113,-1,33117,-1,35121,-1,-1,-1,35109,-1,31107,-1,-1,-1,41145,-1,-1,-1,-1,-1,-1,-1,-1,-1,37129,-1,-1,-1,-1,-1,-1,-1,-1,-1,35159,-1,-1,-1,35159,-1,-1,-1,37167,-1,-1,-1,45179,-1,49191,-1,-1,-1,-1,-1,51199,-1,-1,-1,-1,-1,49195,-1,-1,-1,47189,-1,51221,-1,-1,-1,-1,-1,-1,-1,49209,-1,47205,-1,-1,-1,-1,-1,-1,-1,-1,-1,49215,-1,-1,-1,-1,-1,51223,-1,49251,-1,51227,-1,-1,-1,49257,-1
-1,20094,20093,20092,20091,20090,20089,20088,20087,20086,20085,20084,20083,20082,20081,19080,-1,21090,22091,22092,22093,22094,-1,21088,22089,22090,-1,25096,-1,-1,-1,27104,-1,21078,-1,23088,-1,29110,30111,30112,-1,33118,34119,34120,-1,33106,34107,34108,-1,31106,-1,-1,-1,41146,42147,42148,42149,42150,-1,35124,36125,36126,36127,36128,-1,29142,30143,30144,30145,30146,-1,-1,-1,34158,34157,33156,34157,34158,-1,35164,36165,36166,-1,43176,44177,44178,-1,49192,50193,50194,50195,50196,50197,50198,-1,45188,46189,46190,-1,49196,-1,-1,-1,47188,-1,51222,52223,52224,-1,-1,-1,50212,50211,49210,-1,46204,46203,45202,-1,-1,-1,45206,46207,46208,-1,49214,-1,52228,52227,52226,52225,51224,-1,49250,50251,50252,-1,-1,-1,49256,-1
-1,21095,-1,21093,-1,21091,-1,-1,-1,21087,-1,-1,-1,-1,-1,19079,-1,-1,-1,-1,-1,-1,-1,21087,-1,-1,-1,25097,-1,-1,-1,27103,-1,21077,-1,23089,-1,29109,-1,-1,-1,-1,-1,-1,-1,33105,-1,-1,-1,31105,-1,-1,-1,-1,-1,43149,-1,43151,-1,35123,-1,-1,-1,-1,-1,29141,-1,-1,-1,31147,-1,-1,-1,-1,-1,33155,-1,-1,-1,35163,-1,-1,-1,43175,-1,-1,-1,-1,-1,-1,-1,-1,-1,-1,-1,45187,-1,47191,-1,49195,-1,-1,-1,47187,-1,-1,-1,53225,-1,-1,-1,51213,-1,-1,-1,-1,-1,45201,-1,-1,-1,45205,-1,47209,-1,49213,-1,53229,-1,-1,-1,-1,-1,49249,-1,-1,-1,-1,-1,49255,-1
-1,21096,-1,21094,-1,21092,22091,22090,22089,21088,-1,17074,18075,18076,18077,18078,-1,15076,16077,16078,-1,19084,20085,20086,-1,-1,-1,25098,26099,26100,26101,26102,-1,21076,-1,23090,-1,28108,28107,28106,28105,27104,-1,31102,32103,32104,-1,-1,-1,31104,-1,-1,-1,-1,-1,43150,44151,43152,-1,35122,-1,-1,-1,27138,28139,28140,-1,-1,-1,31148,32149,32150,32151,32152,32153,32154,32155,32156,-1,35162,-1,41172,42173,42174,-1,-1,-1,39162,40163,40164,-1,-1,-1,-1,-1,45186,-1,47192,48193,48194,-1,45184,46185,46186,-1,-1,-1,53226,54221,53220,-1,51214,-1,43196,44197,44198,44199,44200,44201,44202,44203,44204,-1,47210,48211,48212,-1,53230,54231,54232,-1,47246,48247,48248,48249,48250,48251,48252,48253,48254,-1
-1,21097,-1,21095,-1,-1,-1,-1,-1,-1,-1,17073,-1,-1,-1,-1,-1,15075,-1,17079,-1,19083,-1,-1,-1,-1,-1,-1,-1,-1,-1,-1,-1,21075,-1,23091,-1,-1,-1,-1,-1,27103,-1,31101,-1,-1,-1,-1,-1,31103,-1,-1,-1,-1,-1,-1,-1,-1,-1,35121,-1,-1,-1,27137,-1,-1,-1,-1,-1,-1,-1,-1,-1,-1,-1,-1,-1,33157,-1,35161,-1,41171,-1,-1,-1,-1,-1,39161,-1,41165,-1,-1,-1,-1,-1,45185,-1,-1,-1,-1,-1,45183,-1,-1,-1,-1,-1,-1,-1,53219,-1,51215,-1,43195,-1,-1,-1,-1,-1,-1,-1,-1,-1,-1,-1,-1,-1,-1,-1,55233,-1,47245,-1,49249,-1,-1,-1,-1,-1,-1,-1
-1,21098,22097,21096,-1,16074,16073,16072,16071,15070,-1,16072,16071,15070,-1,13072,14073,14074,-1,17080,18081,18082,-1,20080,20079,20078,20077,20076,20075,20074,20073,19072,20073,20074,-1,23092,24093,24094,24095,24096,-1,27102,-1,30100,30099,29098,30099,30100,30101,30102,-1,-1,-1,-1,-1,-1,-1,-1,-1,34120,34119,33118,-1,27136,-1,29138,30139,30140,30141,30142,30143,30144,-1,-1,-1,-1,-1,33158,34159,34160,-1,41170,-1,40164,40163,40162,40161,39160,-1,41166,-1,-1,-1,43182,44183,44184,-1,-1,-1,43180,44181,44182,-1,43184,44185,43186,-1,-1,-1,52218,52217,51216,-1,43194,44195,44196,-1,-1,-1,-1,-1,54258,54257,54256,54255,54254,54253,53252,54253,54254,-1,47244,-1,49250,50251,50252,50253,50254,50253,49252,-1
-1,-1,-1,-1,-1,17075,-1,-1,-1,15069,-1,-1,-1,15069,-1,13071,-1,-1,-1,17081,-1,19083,-1,21081,-1,-1,-1,-1,-1,-1,-1,19071,-1,21075,-1,-1,-1,-1,-1,25097,-1,27101,-1,-1,-1,29097,-1,31101,-1,-1,-1,-1,-1,-1,-1,-1,-1,-1,-1,-1,-1,33117,-1,27135,-1,29137,-1,-1,-1,-1,-1,31145,-1,-1,-1,-1,-1,-1,-1,-1,-1,41169,-1,41165,-1,-1,-1,39159,-1,41167,-1,-1,-1,43181,-1,-1,-1,-1,-1,43179,-1,-1,-1,43183,-1,43185,-1,-1,-1,-1,-1,-1,-1,43193,-1,45197,-1,-1,-1,-1,-1,55259,-1,-1,-1,-1,-1,53251,-1,-1,-1,47243,-1,-1,-1,-1,-1,-1,-1,49251,-1
-1,-1,-1,-1,-1,17076,-1,-1,-1,14068,14067,13066,14067,14068,-1,13070,-1,-1,-1,17082,18083,18084,-1,21082,22083,22084,-1,17066,18067,18068,18069,18070,-1,21076,22077,22078,-1,-1,-1,25098,26099,26100,-1,27094,28095,28096,-1,30122,30121,30120,30119,29118,-1,-1,-1,27106,28107,28108,-1,31114,32115,32116,-1,27134,-1,29136,-1,32150,32149,32148,32147,31146,-1,-1,-1,-1,-1,37160,38161,38162,-1,41168,42167,41166,-1,37156,38157,38158,-1,41168,42169,42170,-1,42180,42179,42178,42177,41176,-1,43178,-1,41180,42181,42182,42183,42184,42185,42186,42187,42188,42189,42190,42191,42192,-1,45198,-1,56264,56263,56262,56261,55260,-1,-1,-1,51248,52249,52250,-1,-1,-1,47242,-1,-1,-1,-1,-1,-1,-1,49250,-1
-1,-1,-1,-1,-1,17077,-1,-1,-1,-1,-1,13065,-1,-1,-1,13069,-1,-1,-1,-1,-1,-1,-1,21083,-1,23085,-1,17065,-1,-1,-1,-1,-1,-1,-1,23079,-1,-1,-1,-1,-1,-1,-1,27093,-1,-1,-1,-1,-1,-1,-1,29117,-1,-1,-1,27105,-1,29109,-1,31113,-1,-1,-1,27133,-1,29135,-1,33151,-1,-1,-1,-1,-1,-1,-1,-1,-1,37159,-1,39163,-1,41167,-1,-1,-1,37155,-1,-1,-1,-1,-1,43171,-1,-1,-1,-1,-1,41175,-1,43177,-1,41179,-1,-1,-1,43183,-1,-1,-1,-1,-1,43191,-1,43193,-1,45199,-1,57247,-1,-1,-1,-1,-1,-1,-1,51247,-1,-1,-1,-1,-1,47241,-1,-1,-1,-1,-1,-1,-1,49249,-1
-1,17062,18063,18064,18065,17078,-1,14072,14071,14070,14069,13064,-1,-1,-1,13068,-1,-1,-1,15076,16077,16078,-1,21084,22085,22086,-1,17064,-1,14058,14057,13056,-1,-1,-1,23080,24081,24082,24083,24084,24085,24086,-1,27092,28093,27110,-1,27112,28113,28114,28115,28116,-1,25102,26103,26104,-1,29110,30111,30112,-1,-1,-1,27132,-1,29134,-1,33152,-1,-1,-1,-1,-1,35154,36155,36156,36157,36158,-1,39164,40165,40166,-1,35152,36153,36154,-1,44176,44175,44174,44173,43172,-1,-1,-1,-1,-1,41174,42175,42176,-1,41178,42179,42180,-1,43182,44183,44184,44185,44186,44187,43192,-1,43194,-1,45200,-1,56246,56245,55244,-1,52238,52237,51236,-1,50246,50245,50244,50243,49242,-1,47240,-1,-1,-1,-1,-1,-1,-1,49248,-1
-1,17061,-1,-1,-1,-1,-1,15063,-1,-1,-1,13063,-1,-1,-1,13067,-1,-1,-1,15075,-1,17061,-1,-1,-1,-1,-1,17063,-1,15059,-1,13055,-1,-1,-1,23081,-1,25083,-1,-1,-1,25087,-1,27091,-1,27109,-1,27111,-1,-1,-1,-1,-1,25101,-1,-1,-1,29111,-1,-1,-1,-1,-1,27131,-1,29133,-1,33151,-1,-1,-1,-1,-1,35153,-1,-1,-1,-1,-1,-1,-1,-1,-1,35151,-1,-1,-1,45177,-1,-1,-1,-1,-1,-1,-1,-1,-1,41173,-1,43177,-1,41177,-1,43179,-1,43181,-1,45185,-1,-1,-1,43193,-1,43193,-1,45201,-1,-1,-1,55243,-1,53239,-1,51235,-1,-1,-1,-1,-1,49241,-1,47239,-1,-1,-1,-1,-1,-1,-1,49247,-1
-1,16060,16059,15058,-1,15060,16061,15062,-1,14068,14067,13062,-1,-1,-1,13066,-1,-1,-1,15074,-1,16060,16059,16058,16057,15056,-1,16062,16061,15060,-1,13054,-1,-1,-1,23082,-1,25084,-1,-1,-1,25088,26089,26090,-1,27108,-1,27110,-1,-1,-1,-1,-1,25100,-1,30114,30113,29112,30113,30114,30115,30116,-1,27130,-1,29132,-1,32150,32149,31148,-1,-1,-1,34152,34151,34150,34149,33148,-1,-1,-1,33148,34149,34150,-1,-1,-1,44182,44181,43180,-1,40174,40173,40172,40171,39170,40171,40172,-1,42178,42177,41176,42177,42178,42179,42180,-1,45186,-1,44196,44195,43194,-1,43192,-1,45202,-1,-1,-1,54242,54241,53240,-1,51234,-1,49244,50243,49242,-1,48240,48239,47238,-1,-1,-1,-1,-1,49244,50245,49246,-1
-1,-1,-1,15057,-1,15059,-1,15061,-1,15063,-1,13061,-1,-1,-1,13065,-1,-1,-1,15073,-1,-1,-1,-1,-1,15055,-1,-1,-1,-1,-1,13053,-1,-1,-1,23083,-1,25085,-1,-1,-1,-1,-1,-1,-1,27107,-1,27109,-1,-1,-1,-1,-1,25099,-1,31115,-1,-1,-1,-1,-1,31117,-1,27129,-1,29131,-1,-1,-1,31147,-1,-1,-1,-1,-1,-1,-1,33147,-1,-1,-1,33147,-1,-1,-1,-1,-1,-1,-1,43179,-1,41175,-1,-1,-1,39169,-1,-1,-1,-1,-1,41175,-1,-1,-1,-1,-1,45187,-1,45197,-1,-1,-1,43191,-1,45203,-1,-1,-1,-1,-1,-1,-1,51233,-1,49243,-1,49241,-1,-1,-1,47237,-1,-1,-1,-1,-1,49243,-1,49245,-1
-1,11050,12051,12052,12053,12054,12055,12056,12057,12058,12059,12060,12061,12062,12063,12064,-1,-1,-1,15072,-1,-1,-1,-1,-1,14054,14053,13052,-1,-1,-1,13052,-1,-1,-1,23084,24085,24086,-1,-1,-1,25102,26103,26104,26105,26106,26107,26108,-1,-1,-1,23096,24097,24098,-1,31116,-1,29134,30135,30136,30137,30138,-1,27128,-1,29130,-1,-1,-1,30146,30145,30144,30143,30142,30141,29140,-1,32146,32145,31144,-1,33146,-1,35152,36153,36154,-1,-1,-1,42178,42177,41176,-1,-1,-1,39168,40169,40170,40171,40172,40173,40174,40175,40176,40177,40178,-1,45188,46189,45198,-1,-1,-1,43190,-1,45204,46205,46206,46207,46208,-1,49230,50231,50232,-1,48242,48241,48240,48239,48238,48237,47236,48237,48238,48239,48240,48241,48242,48243,48244,-1
-1,11049,-1,-1,-1,-1,-1,-1,-1,-1,-1,13063,-1,13063,-1,13065,-1,-1,-1,15071,-1,-1,-1,-1,-1,-1,-1,13051,-1,-1,-1,13051,-1,-1,-1,-1,-1,-1,-1,-1,-1,25101,-1,-1,-1,-1,-1,-1,-1,-1,-1,23095,-1,-1,-1,31117,-1,29133,-1,-1,-1,-1,-1,27127,-1,29129,-1,-1,-1,-1,-1,-1,-1,-1,-1,29139,-1,-1,-1,31143,-1,33145,-1,35151,-1,37155,-1,-1,-1,-1,-1,-1,-1,-1,-1,39167,-1,-1,-1,-1,-1,-1,-1,41177,-1,41179,-1,-1,-1,-1,-1,-1,-1,43189,-1,-1,-1,-1,-1,47209,-1,49229,-1,-1,-1,-1,-1,-1,-1,-1,-1,47235,-1,49239,-1,-1,-1,-1,-1,-1,-1
-1,11048,-1,14070,14069,14068,14067,14066,14065,14064,14063,13062,14063,13064,-1,13066,14067,14068,14069,14070,-1,-1,-1,-1,-1,-1,-1,12050,12049,11048,12049,12050,-1,17064,18065,18066,18067,18068,18069,18070,-1,25100,-1,22094,22093,21092,-1,-1,-1,-1,-1,23094,-1,-1,-1,31118,-1,28132,28131,28130,28129,28128,28127,27126,-1,29128,-1,-1,-1,-1,-1,-1,-1,-1,-1,29138,-1,-1,-1,31142,32143,32144,-1,35150,-1,37156,38157,38158,38159,38160,38161,38162,38163,38164,38165,38166,-1,-1,-1,42182,42181,42180,42179,41178,-1,41180,42181,42182,42183,42184,42185,42186,42187,42188,-1,48214,48213,48212,48211,47210,-1,49228,-1,-1,-1,48240,48239,48238,48237,48236,48235,47234,-1,49240,50241,50242,50243,50244,-1,-1,-1
-1,11047,-1,15069,-1,-1,-1,-1,-1,-1,-1,13061,-1,13065,-1,-1,-1,-1,-1,-1,-1,-1,-1,-1,-1,-1,-1,-1,-1,11047,-1,-1,-1,17063,-1,-1,-1,-1,-1,19071,-1,25099,-1,23095,-1,21091,-1,-1,-1,-1,-1,23093,-1,-1,-1,31119,-1,-1,-1,-1,-1,-1,-1,27125,-1,29127,-1,-1,-1,-1,-1,-1,-1,-1,-1,29137,-1,-1,-1,31141,-1,33145,-1,35149,-1,-1,-1,-1,-1,39161,-1,-1,-1,-1,-1,-1,-1,-1,-1,43177,-1,-1,-1,-1,-1,-1,-1,-1,-1,-1,-1,-1,-1,-1,-1,49215,-1,49213,-1,47211,-1,49227,-1,-1,-1,49227,-1,-1,-1,-1,-1,47233,-1,49241,-1,51243,-1,51245,-1,-1,-1
-1,11046,-1,14068,14067,14066,14065,14064,14063,13062,-1,13060,14061,13066,-1,-1,-1,10050,10049,10048,10047,9046,-1,-1,-1,-1,-1,9044,10045,10046,-1,15060,16061,16062,-1,-1,-1,-1,-1,19072,-1,24098,24097,23096,-1,20090,20089,19088,-1,21090,22091,22092,-1,-1,-1,31120,-1,30126,30125,29124,-1,27122,28123,27124,28125,28126,-1,-1,-1,30142,30141,30140,30139,30138,30137,29136,30137,29138,30139,30140,-1,33146,34147,34148,-1,40166,40165,40164,40163,39162,-1,41168,42169,42170,42171,42172,42173,42174,42175,42176,-1,-1,-1,-1,-1,-1,-1,-1,-1,50222,50221,50220,50219,50218,50217,49216,-1,48214,48213,47212,-1,48226,48225,47224,-1,49226,-1,47228,48229,48230,48231,47232,-1,49242,50243,50244,-1,51246,-1,-1,-1
-1,11045,-1,-1,-1,-1,-1,-1,-1,13061,-1,13059,-1,-1,-1,-1,-1,11051,-1,-1,-1,9045,-1,-1,-1,-1,-1,9043,-1,-1,-1,15059,-1,17063,-1,-1,-1,-1,-1,19073,-1,-1,-1,-1,-1,-1,-1,19087,-1,21089,-1,-1,-1,-1,-1,31121,-1,31127,-1,29123,-1,27121,-1,27123,-1,-1,-1,-1,-1,31129,-1,-1,-1,-1,-1,29135,-1,29137,-1,-1,-1,-1,-1,-1,-1,41167,-1,41165,-1,39163,-1,41167,-1,-1,-1,-1,-1,-1,-1,-1,-1,-1,-1,-1,-1,-1,-1,-1,-1,51223,-1,-1,-1,-1,-1,-1,-1,-1,-1,-1,-1,-1,-1,47223,-1,49225,-1,47227,-1,-1,-1,47231,-1,-1,-1,-1,-1,51247,-1,-1,-1
-1,11044,14049,14050,-1,-1,-1,-1,-1,12060,12059,12058,12057,12056,12055,12054,12053,11052,-1,-1,-1,8044,8043,8042,8041,7040,8041,8042,-1,13056,14057,14058,-1,17064,18065,18066,18067,18068,-1,19074,20075,20076,-1,20086,20085,19084,-1,19086,20087,20088,-1,30130,30129,29128,-1,31122,32123,31128,-1,29122,-1,27120,-1,27122,-1,29124,30125,30126,30127,30128,-1,29130,30131,29132,-1,29134,-1,29136,-1,-1,-1,-1,-1,42170,42169,41168,-1,40166,40165,39164,40165,40166,40167,40168,40169,40170,40171,40172,-1,-1,-1,-1,-1,-1,-1,-1,-1,-1,-1,51224,52203,51202,-1,48228,48227,48226,48225,48224,48223,47222,-1,-1,-1,47222,48223,48224,-1,47226,48227,48228,48229,47230,-1,-1,-1,52250,52249,51248,-1,-1,-1
-1,11043,-1,15051,-1,-1,-1,-1,-1,-1,-1,13041,-1,-1,-1,-1,-1,-1,-1,-1,-1,-1,-1,-1,-1,7039,-1,-1,-1,13055,-1,-1,-1,17065,-1,-1,-1,19069,-1,-1,-1,21077,-1,21087,-1,19083,-1,19085,-1,-1,-1,31131,-1,29127,-1,-1,-1,-1,-1,29121,-1,27119,-1,27121,-1,29123,-1,-1,-1,-1,-1,29129,-1,29131,-1,29133,-1,29135,-1,-1,-1,-1,-1,43171,-1,-1,-1,-1,-1,39165,-1,-1,-1,41169,-1,-1,-1,41173,-1,-1,-1,-1,-1,-1,-1,-1,-1,-1,-1,-1,-1,51201,-1,49211,-1,-1,-1,-1,-1,47221,-1,-1,-1,47221,-1,-1,-1,47225,-1,-1,-1,47229,-1,-1,-1,53251,-1,-1,-1,-1,-1
-1,11042,-1,15052,16051,15050,-1,12044,12043,12042,12041,12040,12039,11038,-1,8032,8031,7030,-1,-1,-1,8038,8037,7036,-1,7038,-1,11052,12053,12054,-1,18068,18067,17066,18067,18068,18069,18070,-1,-1,-1,21078,22079,21088,-1,19082,-1,19084,-1,31110,32111,31132,-1,28126,28125,28124,28123,28122,28121,28120,28119,27118,28119,27120,28121,28122,28123,28124,28125,28126,28127,28128,28129,28130,28131,28132,28133,28134,28135,28136,-1,-1,-1,42180,42179,41178,-1,40168,40167,39166,-1,-1,-1,41170,-1,42176,42175,41174,-1,-1,-1,-1,-1,45188,46189,46190,-1,-1,-1,49198,50199,50200,-1,49210,-1,46224,46223,46222,46221,46220,46219,45218,46219,46220,46221,46222,46223,46224,46225,46226,46227,46228,-1,-1,-1,53252,-1,-1,-1,-1,-1
-1,11041,-1,-1,-1,15049,-1,13045,-1,-1,-1,-1,-1,11037,-1,9033,-1,7029,-1,-1,-1,9033,-1,7035,-1,7037,-1,11051,-1,-1,-1,19069,-1,17067,-1,-1,-1,19071,-1,-1,-1,-1,-1,-1,-1,19081,-1,19083,-1,31109,-1,-1,-1,-1,-1,-1,-1,29123,-1,29121,-1,27117,-1,27119,-1,-1,-1,29123,-1,29125,-1,29129,-1,-1,-1,-1,-1,29133,-1,29137,-1,-1,-1,-1,-1,41177,-1,41169,-1,39167,-1,-1,-1,41171,-1,43177,-1,-1,-1,-1,-1,-1,-1,45187,-1,47191,-1,-1,-1,49197,-1,-1,-1,49209,-1,47225,-1,-1,-1,-1,-1,45217,-1,-1,-1,47221,-1,47225,-1,47227,-1,47229,-1,-1,-1,53253,-1,-1,-1,-1,-1
-1,10040,10039,9038,-1,14048,14047,13046,-1,7028,8027,7026,-1,10036,10035,9034,-1,7028,-1,7030,8031,8032,-1,7034,-1,7036,-1,11050,-1,-1,-1,19070,-1,17068,18069,18070,18071,18072,18073,18074,18075,18076,18077,18078,18079,18080,18081,18082,-1,30108,30107,29106,-1,27108,28109,27110,-1,29124,30123,29122,-1,27116,-1,27118,28119,28120,28121,28122,-1,29124,30125,29130,-1,29128,30129,29130,-1,29132,-1,29138,-1,-1,-1,-1,-1,41176,-1,40170,40169,39168,40169,40170,-1,41172,-1,43178,44179,44180,44181,43182,-1,43184,44185,44186,-1,47192,48193,48194,48195,48196,-1,-1,-1,49208,-1,47226,-1,-1,-1,-1,-1,45216,46217,46218,46219,46220,-1,47226,-1,47228,48229,47230,-1,-1,-1,53254,54253,53252,-1,-1,-1
-1,-1,-1,9037,-1,-1,-1,-1,-1,7027,-1,7025,-1,-1,-1,-1,-1,7027,-1,7029,-1,-1,-1,7033,-1,7035,-1,11049,-1,-1,-1,19071,-1,-1,-1,-1,-1,-1,-1,-1,-1,-1,-1,-1,-1,19081,-1,-1,-1,-1,-1,29105,-1,27107,-1,27109,-1,-1,-1,-1,-1,27115,-1,27117,-1,-1,-1,-1,-1,29123,-1,-1,-1,29127,-1,29129,-1,29131,-1,29139,-1,-1,-1,-1,-1,41175,-1,-1,-1,39169,-1,41171,-1,41173,-1,-1,-1,-1,-1,43181,-1,43183,-1,-1,-1,-1,-1,-1,-1,-1,-1,-1,-1,49207,-1,47227,-1,-1,-1,-1,-1,45215,-1,-1,-1,-1,-1,47227,-1,47229,-1,47231,-1,-1,-1,-1,-1,53251,-1,-1,-1
-1,7034,8035,8036,-1,-1,-1,6028,6027,6026,6025,6024,6023,5022,6023,6024,6025,6026,6027,6028,6029,6030,6031,6032,6033,6034,-1,11048,-1,-1,-1,19072,-1,21078,22079,22080,-1,-1,-1,22072,22071,21070,-1,-1,-1,19082,-1,-1,-1,27102,28103,28104,-1,27106,-1,27108,28109,28110,28111,28112,28113,27114,28115,27116,28117,27118,28119,28120,28121,28122,28123,28124,28125,28126,28127,28128,28129,28130,-1,29140,-1,41190,42191,42192,-1,40174,40173,40172,40171,39170,-1,41172,42173,41174,42175,42176,42177,42178,42179,42180,42181,42182,42183,42184,-1,-1,-1,-1,-1,47202,48203,48204,48205,48206,-1,47228,48229,48230,-1,46216,46215,45214,46215,45216,-1,-1,-1,47228,-1,47230,-1,47232,48233,48234,48235,48236,-1,52250,52249,51248,-1
-1,7033,-1,-1,-1,-1,-1,7029,-1,-1,-1,7025,-1,5021,-1,7025,-1,7027,-1,-1,-1,7031,-1,7033,-1,-1,-1,11047,-1,-1,-1,19073,-1,21077,-1,23081,-1,-1,-1,23073,-1,21069,-1,-1,-1,19083,-1,-1,-1,27101,-1,-1,-1,27105,-1,27107,-1,-1,-1,-1,-1,27113,-1,27115,-1,27117,-1,-1,-1,-1,-1,-1,-1,-1,-1,-1,-1,29131,-1,29141,-1,41189,-1,43179,-1,-1,-1,41173,-1,39171,-1,41173,-1,-1,-1,-1,-1,-1,-1,43181,-1,-1,-1,43185,-1,-1,-1,-1,-1,47201,-1,-1,-1,-1,-1,-1,-1,49221,-1,47217,-1,45213,-1,45215,-1,-1,-1,47229,-1,47231,-1,47233,-1,49235,-1,49237,-1,-1,-1,51247,-1
-1,6032,6031,6030,6029,6028,6027,6026,6025,6024,6023,6022,6021,5020,8027,7026,8027,7028,-1,-1,-1,7032,-1,7034,-1,-1,-1,11046,-1,-1,-1,19074,20075,20076,-1,23082,24077,24076,24075,23074,-1,21068,-1,20086,20085,19084,-1,25098,26099,26100,26101,26102,26103,26104,26105,26106,26107,26108,26109,26110,26111,26112,26113,26114,26115,26116,26117,26118,-1,-1,-1,29130,30131,30132,30133,30134,30133,29132,-1,29142,-1,41188,-1,42178,42177,42176,42175,41174,-1,39172,-1,41174,-1,41184,42185,42186,-1,-1,-1,43182,-1,-1,-1,43186,-1,-1,-1,45198,46199,46200,-1,45202,46203,46204,46205,46206,-1,48220,48219,47218,-1,45212,-1,45214,-1,48232,48231,47230,-1,47232,48233,47234,48235,48236,-1,49238,-1,-1,-1,51246,-1
-1,-1,-1,-1,-1,-1,-1,-1,-1,9029,-1,-1,-1,5019,-1,7027,-1,7029,-1,-1,-1,7033,-1,7035,-1,-1,-1,11045,-1,-1,-1,-1,-1,-1,-1,-1,-1,-1,-1,-1,-1,21067,-1,21087,-1,-1,-1,25097,-1,-1,-1,-1,-1,-1,-1,-1,-1,-1,-1,27111,-1,27113,-1,27115,-1,27117,-1,27119,-1,-1,-1,29129,-1,-1,-1,-1,-1,-1,-1,29143,-1,41187,-1,-1,-1,-1,-1,-1,-1,39173,-1,41175,-1,41183,-1,43187,-1,-1,-1,43183,-1,-1,-1,43187,-1,-1,-1,45197,-1,-1,-1,45201,-1,-1,-1,47207,-1,-1,-1,-1,-1,45211,-1,45213,-1,49233,-1,47231,-1,-1,-1,-1,-1,-1,-1,49239,-1,-1,-1,51245,-1
-1,1002,2003,2004,2005,2006,-1,10032,10031,9030,-1,-1,-1,5018,-1,7028,-1,7030,-1,8036,8035,7034,-1,7036,8037,8038,-1,11044,-1,11046,12047,12048,-1,15054,16055,16056,-1,19062,20063,20064,20065,20066,-1,21088,-1,23094,24095,24096,-1,-1,-1,-1,-1,-1,-1,-1,-1,-1,-1,27112,-1,27114,28115,27116,28117,27118,-1,27120,-1,-1,-1,29128,-1,-1,-1,29132,30133,30134,-1,29144,-1,41186,-1,-1,-1,-1,-1,40176,40175,39174,40175,40176,-1,41182,-1,43188,44187,44186,44185,43184,-1,44190,44189,43188,-1,-1,-1,45196,-1,-1,-1,45200,-1,-1,-1,46208,46207,45206,-1,45208,46209,45210,-1,45212,-1,48234,48233,47232,-1,49238,50239,50240,-1,-1,-1,49240,50241,50242,50243,50244,-1
-1,1001,-1,-1,-1,3007,-1,11033,-1,-1,-1,-1,-1,5017,-1,7029,-1,7031,-1,9035,-1,-1,-1,-1,-1,9039,-1,11043,-1,11045,-1,13049,-1,15053,-1,17057,-1,19061,-1,-1,-1,-1,-1,21089,-1,23093,-1,-1,-1,-1,-1,-1,-1,-1,-1,-1,-1,-1,-1,27113,-1,27115,-1,27117,-1,27119,-1,27121,-1,-1,-1,29127,-1,-1,-1,29131,-1,31135,-1,29145,-1,41185,-1,-1,-1,-1,-1,41177,-1,39175,-1,-1,-1,41181,-1,-1,-1,-1,-1,43185,-1,45189,-1,-1,-1,-1,-1,45195,-1,-1,-1,45199,-1,-1,-1,-1,-1,45205,-1,45207,-1,45209,-1,45211,-1,-1,-1,47233,-1,49237,-1,51241,-1,-1,-1,49241,-1,-1,-1,51245,-1
-1,0,-1,-1,-1,3008,4009,4010,4011,4012,4013,4014,4015,4016,-1,7030,8031,7032,8033,8034,-1,-1,-1,-1,-1,9040,10041,10042,10043,10044,-1,13050,14051,14052,-1,17058,18059,18060,-1,-1,-1,-1,-1,21090,22091,22092,-1,-1,-1,-1,-1,-1,-1,-1,-1,-1,-1,-1,-1,27114,28115,27116,28117,27118,28119,27120,-1,27122,28123,28124,28125,28126,28127,28128,28129,28130,-1,30148,30147,29146,-1,40184,40183,40182,40181,40180,40179,40178,40177,39176,40177,40178,40179,40180,-1,-1,-1,-1,-1,43186,44187,44188,44189,44190,44191,44192,44193,44194,44195,44196,44197,44198,44199,44200,44201,44202,44203,44204,44205,44206,44207,44208,44209,44210,-1,-1,-1,47234,48235,48236,-1,50246,50245,50244,50243,49242,50243,50244,50245,50246,-1
-1,-1,-1,-1,-1,-1,-1,-1,-1,-1,-1,-1,-1,-1,-1,-1,-1,-1,-1,-1,-1,-1,-1,-1,-1,-1,-1,-1,-1,-1,-1,-1,-1,-1,-1,-1,-1,-1,-1,-1,-1,-1,-1,-1,-1,-1,-1,-1,-1,-1,-1,-1,-1,-1,-1,-1,-1,-1,-1,-1,-1,-1,-1,-1,-1,-1,-1,-1,-1,-1,-1,-1,-1,-1,-1,-1,-1,-1,-1,-1,-1,-1,-1,-1,-1,-1,-1,-1,-1,-1,-1,-1,-1,-1,-1,-1,-1,-1,-1,-1,-1,-1,-1,-1,-1,-1,-1,-1,-1,-1,-1,-1,-1,-1,-1,-1,-1,-1,-1,-1,-1,-1,-1,-1,-1,-1,-1,-1,-1,-1,-1,-1,-1,-1,-1,-1,-1,-1,-1,-1,-1